nume_boala,simptome
Abces mamar,"durere, roșeață, temperatură crescută a sânului, creșterea în volum și indurarea țesutului mamar, stare de oboseală, febră și frisoane, greață, vomă, drenajul unui material purulent de la nivelul mamelonului, masă sau zonă fluctuentă la palpare, căldură locală, eritem, nodul la nivelul sânului ce nu dispare după încetarea perioadei de
               alăptare, descărcări lichide anormale prin mameloane"
Abces tubo-ovarian,"durere pelvina acuta, febra, masa anexala, durere pelvina cronica, greata, varsaturi, modificari ale scaunului, debacluri vaginale, durere pelvina acuta care se agraveaza (în caz de ruptură), tahicardie (în caz de ruptură), abdomen distensionat (în caz de ruptură), zgomote intestinale absente (în caz de ruptură), semne de peritonita generalizata (în caz de ruptură), rigiditate musculara (în caz de ruptură), Leucopenie severa (în caz de ruptură)"
Abcese hepatice,"Febră, Frisoane, Durere în hipocondrul drept, Anorexie (lipsa poftei de mâncare), Stare de rău general, Durere pleuritică toracică, Durere iradiată în umărul drept, Scădere în greutate, Confuzie mentală, Sensibilitate dureroasă la palparea hipocondrului drept, Hepatomegalie (ficat mărit), Mase hepatice palpabile, Icter (îngălbenirea pielii și a ochilor), Raluri pulmonare, Semne de pleurezie, Semne de consolidare pulmonară, Durere abdominală (în special în cadranul superior), Iradierea durerii abdominale în umăr sau zona interscapulară, Durere abdominală exacerbată de tuse, mers, inspir profund,
               clinostatism pe partea dreaptă, Crampe dureroase abdominale, Rigor (frison violent), Greață, Vărsături, Diaree, Dizenterie (în antecedente), Diaree hemoragică (rar), Tuse, Durere toracică (poate indica implicare pulmonară), Expectorație nemirositoare de culoare maro (sugerează fistulă
               bronhopleurală)"
Abcesele intraperitoneale,"Febra, Leucocitoza, Dureri abdominale"
Abcesele periosoase oro-maxilo-faciale,"Durere localizată (intensă sub periost, cedează parțial după perforare), Tumefacție (umflătură) în zona afectată (vestibulară, palatinală,
               perimandibulară), Congestie (roșeață) și edem al mucoasei sau pielii, Fluctuență la palpare (indicând colecția de puroi), Contur precis al tumefacției (în faza submucoasă/subcutanată), Edem facial asociat (poate indica locația dintelui cauzal, ex. „buză de
               tapir”, inflamația pleoapei/obrazului), Trismus (limitarea deschiderii cavității orale), mai ales la infecții de
               la molarii inferiori, Alterarea ușoară/moderată a stării generale, Febră, Neliniște, Tulburări de deglutiție (la abces palatinal extins), Tulburări de fonație (la abces palatinal extins), Tulburări de respirație (la abces palatinal extins), Bombare a palatului (în abces palatinal), Bombare a obrazului în porțiunea inferioară (în abces perimandibular
               extern), Imposibilitatea palpării marginii mandibulare (în abces perimandibular
               extern), Bombare bine delimitată pe fața internă a mandibulei (în abces
               perimandibular intern), Deplasarea limbii spre partea neafectată (în abces perimandibular
               intern)"
Abcesele primare ale lojilor superficiale mandibulare,"Tumefacție dureroasă (submandibulară, sublinguală, submentonieră), Extinderea tumefacției, Piele acoperitoare congestivă, lucioasă, hiperemică, dureroasă, Edem și congestie a mucoasei planșeului bucal (submandibular,
               sublingual), Proeminență sublinguală acoperită cu fibrină (""creastă de cocoș""), Împingerea limbii (în abcesul sublingual), Trismus (limitarea dureroasă a deschiderii gurii), Dureri vii, iradiante (ex: spre ureche), Durere la mișcarea gurii, alimentație, vorbire, mișcarea limbii, Stare generală alterată/septică (febră, frisoane, dureri musculare), Indurație locală, posibil fluctuenta, Durere pulsatilă, Absența modificărilor intraorale (în abcesul submentonier)"
Abcesul apendicular,"durere abdominală vagă, nespecifică, localizată inițial periombilical
               sau epigastric, durere abdominală de intensitate mai mare, localizată în fosa iliacă
               dreaptă, accentuată de mișcare sau palpare, greață, vărsături (nu foarte frecvente), anorexie, diaree (durată scurtă), febra peste 38,6°C (semn de perforație), tahicardie (semn de perforație), leucocitoză peste 14.000/mm³ (semn de perforație), semne de iritație peritoneală, masă pseudotumorală fluctuentă palpabilă în fosa iliacă dreaptă, apărare musculară generalizată (în peritonita generalizată), contractură musculară (în peritonita generalizată), absența mișcărilor abdominale respiratorii (în peritonita generalizată), silentium ascultator (în peritonita generalizată), leucocitoză (10.000-18.000/mm³), neutrofilie (peste 75%), CRP crescut, VSH accelerat"
Abcesul cardiac,"Tulburări de conducere cardiacă, Semne de comunicare anormală între camerele inimii, Semne de pericardită (inflamația pericardului), Semne de ischemie miocardică, Semne de insuficiență cardiacă (în cazul localizării aortice), Deteriorare hemodinamică (în cazul localizării aortice)"
Abcesul cerebral,"Cefalee (durere de cap), Febră, Deficit neurologic focal (ex: hemiplegie, hemianopsie, paralizii ale
               nervilor cranieni), Crize convulsive, Greață și vărsături (emeza, voma), Redoare a cefei (gatul este teapan si dureros la incercarea de
               mobilizare), Edem papilar (în caz de creștere a presiunii intracraniene), Somnolență, Scăderea capacității de concentrare, Tulburări psihice, Hemipareză de partea opusă (în abcese frontale), Tulburări motorii, Tulburări de vorbire, Ataxie (în abcese de fosă posterioară), Nistagmus (în abcese de fosă posterioară), Dismetrie (în abcese de fosă posterioară), Vărsături neînsoțite de senzația de greață (în caz de creștere a
               presiunii intracraniene), Letargie, Comă (rar)"
Abcesul cronic,"Durere continuă și progresivă în zona de localizare, Accenturea durerii la apăsare sau la mobilizarea regiunii respective, Tumefierea tegumentului, Înroșirea tegumentului adiacent, Deformarea regiunii de localizare, Tegument supraiacent și adiacent fierbinte și sub tensiune la palpare, Eliminarea de secreții purulente de culoare galben-verzuie la exprimarea
               formațiunii, Sensibilitate discretă (în abcesele profunde), Infiltrarea țesuturilor supraiacente (în abcesele profunde), Febră (în caz de acutizare), Frisoane (în caz de acutizare), Anemie (în caz de acutizare), Leucocitoză (în caz de acutizare)"
Abces dentar,"durere la nivelul cavitatii bucale in dreptul dintelui cauzator, umflare la nivelul cavitatii bucale in dreptul dintelui cauzator si la
               nivelul obrazului, roseata la nivelul cavitatii bucale in dreptul dintelui cauzator si la
               nivelul obrazului, frisoane (daca apar complicatii), febra (daca apar complicatii), stari de greata (daca apar complicatii), voma (daca apar complicatii), inflamatia gingiei, durere la atingere, drenarea spontana a puroiului prin fistulizare, dificultati la deschiderea gurii, dificultati la inghitit, sensibilitate dentara la alimente si lichide fierbinti, durere pulsatila si continua, senzatia de mobilitate a dintelui, senzatia ca dintele este mai alungit decat ceilalti dinti, disconfort, senzatia ca dintele va exploda, gust amar (la drenarea abcesului in gura)"
Abcesul epidural,"Durere vie, localizata pe linia mediana spinala sau paravertebral, Febra, Pareza rapid progresiva, Durere cronicizata (în lipsa tratamentului), Crestere a leucocitelor (semn de laborator), Crestere a VSH-ului (semn de laborator), Lichid cefalorahidian bogat in proteine (în caz de abces
               subdural/meningită), Pleiocitoza cu predominanta polimorfonuclearelor în LCR (în caz de abces
               subdural/meningită), Nivel redus al glucozei în LCR (în caz de abces subdural/meningită)"
Abcesul hepatic,"Febra, Durere în hipocondrul drept, Apărare musculară în hipocondrul drept, Sensibilitate la palpare în hipocondrul drept, Frisoane, Lipsa poftei de mancare, Scădere ponderală, Greață, Vomă, Hepatomegalie (ficat mărit), Creșterea fosfatazei alcaline (investigații de laborator), Creșterea bilirubinei (investigații de laborator), Creșterea transaminazelor hepatice (investigații de laborator), Ascensionarea hemidiafragmului drept (radiografie toracică)"
Abcesul pancreatic si peripancreatic,"Febra (hipertermie), Durere (asociată cu pancreatita precursoare), Frisoane (asociate cu pancreatita precursoare), Leucocitoză, Sindrom inflamator (VSH, proteina C reactivă, fibrinogen crescute)"
Abcesul periamigdalian,"alterarea stării generale, curbatură (durere musculară), astenie, disfagie (dificultate la ȋnghiţirea alimentelor), odinofagie (durere la ȋnghiţirea alimentelor), febră, otalgie reflexă (durere ce iradiază la nivelul urechii), trismus (contracţie spastică a muşchilor mandibulei ce ȋmpiedică
               deschiderea gurii), sialoree (salivaţie abundentă), halenă fetidă (respiraţie urȃt mirositoare), tulburări ale vocii, odinofagie unilaterală, hiperpirexie (febră mare), adenopatie subangulomandibulară unilaterală, ȋmpăstarea regiunii submandibulare (la palpare), congestia şi tumefierea unilaterală a pilierului anterior şi a vălului
               palatin, devierea inferioară şi spre linia mediană a amigdalei palatine, congestie amigdaliană, exsudat purulent pe amigdală, luetă tumefiată şi deviată de partea opusă, tumefierea pilierului posterior (în forma posterioară), amigdala deviată spre anterior (în forma posterioară), mărirea de volum a amigdalei palatine (în forma intraamigdaliană), disfagie severă (în forma bilaterală), odinofagie severă (în forma bilaterală), dispnee (în forma bilaterală cu edem laringian)"
Abcesul perianal,"Durere ascuțită, continuă, agravată de mișcări, presiune (ex: ședere),
               defecație, Tumefacție (umflătură) sau masă palpabilă în regiunea perianală, Eritem (înroșire a pielii) în zona afectată, Căldură locală în zona afectată, Secreții purulente (puroi) din zona afectată, uneori cu miros neplăcut, Sângerări, Febră, Frisoane, Disconfort sau dificultate la defecație (inclusiv constipație sau
               retenție de scaun), Prurit (mâncărime) în regiunea perianală, Tract fistulos (drenaj continuu sau intermitent, orificii vizibile), Slăbiciune, Oboseală"
Abcesul perinefretic si renal,"durere lombara, durere in flanc, durere abdominala, febra, durere care iradiaza catre canalul inghinal, durere care iradiaza catre membrul inferior"
Abcesul pulmonar,"Tuse severă, Eliminarea unor cantități mari de spută fetidă (urât mirositoare),
               purulentă sau sangvinolentă, Gust rău al sputei, Hemoptizie (ocazional), Febră ondulantă, Stare generală alterată, Frisoane (neobișnuite), Anorexie, Scădere ponderală, Anemie (dovezi de boală cronică), Fatigabilitate, Transpirații, Hipocratism digital (degete hipocratice), Respirație urât mirositoare (în abcesul putrid), Pleurezie (durere pleurală), Diminuarea murmurului vezicular, Temperatură egală sau mai mare de 39,4 grade Celsius, Crepitante la nivelul zonei afectate, Bronhofonie, Matitate la percuție (în prezența revărsatului lichidian)"
Abcesul renal,"Febra, Frisoane, Durere abdominala, Scadere in greutate, Senzatie vaga de disconfort, Mictiune dureroasa (Disurie), Urina cu sange (Hematurie), Durere în unghiul costovertebral (zona lombară), Rigiditate la palparea unghiului costovertebral sau în flanc, Greață, Vărsături, Anorexie (lipsa poftei de mâncare), Stagnarea creșterii în greutate și în înălțime (la copii), Dificultăți de alimentare (la sugar), Degradarea statusului mental (la vârstnici), Decompensarea unui alt organ sau sistem (la vârstnici), Dispnee (respirație dificilă), Insuficiență renală acută, Șoc, Crepitații la nivelul flancului afectat, Pneumaturie (apariția bulelor de aer în urină), Emfizem subcutanat, Pneumomediastin, Durere în flanc cu caracter difuz și persistent, Apariția de fistule (pielocutanate, ureterocutanate, pieloenterice), Oboseală, Instabilitate hemodinamică, Tahicardie, Hipotensiune, Tahipnee, Masă abdominală palpabilă în flanc, Sensibilitate la nivelul punctului costovertebral, Piurie (leucocite în urină), Bacteriurie (bacterii în urină), Proteinurie (proteine în urină), Leucocitoză, Trombocitopenie, Creșterea nivelului creatininei serice, Anemie (în pielonefrita xantogranulomatoasă), Uree și creatinină serică crescute"
Abcesul splenic,"Febră (moderată, continuă, intermitentă sau absentă), Durere în cadranul abdominal superior (hipocondrul stâng), Splenomegalie, Vărsături, Frisoane, Leucocitoză, Durere iradiată în umăr (semnul Kehr), Durere pleuritică toracică (la baza plămânului stâng, agravată de tuse
               și expirație forțată), Stare generală de rău, Simptome dispeptice, Sensibilitate dureroasă abdominală (în cadranul stâng), Apărare musculară (în cadranul stâng, posibil), Edem al țesuturilor moi suprasplenice (posibil), Sensibilitate dureroasă costovertebrală, Sonoritate diminuată la baza plămânului stâng, Raluri bazilare stângi, Ascensionarea hemidiafragmului stâng"
Abcesul subfrenic,"Febra, Durere abdominală severă localizată în epigastru și hipocondru, Leucocitoză, Tuse uscată, Febra moderată și intermitentă (în faze incipiente), Durere abdominală moderată care crește în intensitate la atingerea
               hipocondrului drept sau stâng (în faze incipiente), Pierderea poftei de mâncare, Transpirații, Slăbiciune, Sensibilitate abdominală, Umflare abdominală, Frisoane, Greață, Vărsături, Febră crescută (în faze avansate), Durere abdominală intensă (în faze avansate), Icter (colorarea în galben a pielii, mucoaselor şi a albului ochilor), Confuzie mintală, Tahicardie (frecvență cardiacă crescută), Respirație scurtă și rapidă, Tensiune musculară la palparea abdomenului superior, Modificări ale sunetelor respiratorii (detectate la percuția toracică)"
Abdomenul acut,"Durere abdominală cu debut brusc și apariție recentă, Durere abdominală cu debut gradat, Durere colicativă (rezultatul hiperperistaltismului), Durere persistentă (proces inflamator sau infecțios), Durere epigastrică (poate corespunde stomacului, duodenului 1 și 2,
               sistemului hepatobiliar, splinei și pancreasului), Durere periombilicală (segmentul de tub digestiv de la duodenul 2 pana
               la două treimi proximale ale colonului transvers), Durere suprapubiană (restul tubului digestiv pana la canalul anal), Iradierea durerii în umărul ipsilateral (în cazul iritării diafragmului), Iradierea durerii în unghiul inferior al scapulei drepte (colica
               biliară), Iradierea durerii posterior (pancreas și aortă), Durere abdominală difuză ameliorată de imobilizare, Efort respirator redus (în inflamația colecistului), Febră, Frisoane, Greață, Vărsături (pot fi bilioase, hemoragice sau fecaloide), În apendicită, durerea precede vărsăturile, Tulburări de tranzit intestinal, Scădere ponderală, Inapetență, Prezența sângelui în scaun, Dismenoree (la femei), Întârzierea menstruației (la femei, poate sugera sarcină extrauterină), Neliniște, agitație (pacient cu colică, ischemie mezenterică), Imobilitate (pacient cu peritonită difuză), Decubit dorsal preferat (durere pancreatică sau retroperitoneală), Letargie, status mental alterat (sepsis, diselectrolitemie), Tahicardie, Hipotensiune arterială, Distensia abdomenului, Cicatrici postoperatorii, Apărare musculară, Contractură musculară, Sensibilitate la palpare abdominală, Regiuni abdominale tumefiate sau indurate, Zgomote de obstrucție (borborisme) la auscultația abdomenului, Absența zgomotelor intestinale (ileus din peritonita difuză), Sensibilitate la tușeul rectal, Prezența de sânge, puroi sau mucus pe mănușa de tușeu rectal, Semnul Murphy pozitiv (în colecistită), Semnul psoasului pozitiv (în apendicită), Semnul Rovsing pozitiv (în apendicită), Semnul Grey Turner (echimoze pe flancuri, în pancreatită severă), Semnul Cullen (echimoză periombilicală, în pancreatită severă), Crampe periombilicale intermitente (în ocluzia intestinului subțire), Constipație (în obstrucția intestinului gros), Masă abdominală pulsatilă și sensibilă (în anevrism aortic), Puls inegal la nivelul membrelor (în anevrism aortic), Indigestie și disconfort abdominal (în apendicită, premergător durerii), Durere testiculară (posibil în apendicită), Icter (manifestare inconstantă în colecistită), Durere în bară cu iradiere dorsală (în pancreatită acută), Extremități reci, tegumente transpirate, puls slab (în pancreatită
               severă/șoc), Peristaltism vizibil ocazional la nivelul peretelui abdominal (în
               ocluzia intestinului subțire), Durere în hipogastru (în obstrucția intestinului gros), Vărsături fecaloide (în obstrucția intestinală avansată), Durere abdominală constantă, severă asociată cu vomă și diaree (în
               ischemie mezenterică), Durere abdominală cu iradiere pe flancuri și dorsal (în disecția de
               anevrism aortic)"
Abdomenul cronic dureros la copil,"Episoade paroxistice dureroase (cel puţin cȃte un episod ȋn fiecare
               lună, timp de trei luni consecutiv), Durere de intensitate variabilă, Repercusiuni asupra activităţii zilnice a copilului, Greţuri, Vărsături, Tahicardie, Palpitaţii, Tulburări de tranzit (constipaţie sau diaree), Distensie abdominală, Durere localizată periombilical, Durere localizată la nivelul abdomenului inferior, Melenă (în contextul Sindromului Zollinger-Elison), Scaune sanghinolente (în contextul Invaginației intestinale), Anorexie, Disgeuzie (senzaţie de amar ȋn gură), Meteorism abdominal, Tulburări micţionale (disurie, polakiurie), Sindrom febril, Cefalee, Transpiraţii reci (în contextul Hipoglicemiei), Convulsii (în contextul Hipoglicemiei), Comă (în contextul Hipoglicemiei), Durere epigastrică, Durere cu iradiere retrosternală (Durere esofagiană), Arsură (Durere esofagiană), Regurgitaţii acide sau alimentare, Pirozis, Durere localizată la nivelul hipocondrului drept, Durere cu caracter de crampă, Durere cu caracter de foame dureroasă, Durere localizată la nivelul abdomenului mijlociu, Durere localizată la nivelul cadrului colic, Durere cu iradiere spre sacrum, Durere cu iradiere spre organele genitale externe, Durere cu caracter colicativ, Durere cu iradiere la nivelul umărului stȃng (Durere pancreatică), Steatoree, Icter, Durere localizată la nivelul foselor iliace, Durere cu iradiere ȋn umărul drept (Durere hepato-biliară), Hematurie, Disurie, Astenie (în durerea psihogenă), Ameţeli (în durerea psihogenă), Enurezis (în durerea psihogenă), Encoprezis (în durerea psihogenă), Insomnie (în durerea psihogenă), Hemicranie (în migrena abdominală), Fotofobie (în migrena abdominală)"
Abetalipoproteinemia (sindromul Bassen-Kornzweig),"Absorbție anormală a grăsimilor din alimentație, Absorbție anormală a vitaminelor liposolubile (A, D, E, K) din
               alimentație, Deficit de lipide, Deficit de vitamine liposolubile, Vărsături, Diaree cronică, Anorexie, Scădere în greutate, Malabsorbție, Nivel crescut al transaminazelor, Hepatomegalie (ficat mărit), Steatoză hepatică (ficat gras), Neuropatie periferică, Tremor, Nistagmus, Pierderea reflexelor tendinoase, Întârzieri în dezvoltarea intelectuală, Retard mental (aproximativ o treime dintre pacienți), Atrofie musculară, Cardiomiopatie, Reducerea câmpului vizual, Dificultăți ale vederii nocturne, Paralizia mușchilor oculomotori, Scolioză, Picior strâmb congenital, Acantocitoză (eritrocite deformate), Viteză de sedimentare a hematiilor (VSH) foarte scăzută, Anemie (prin deficit de fier, acid folic sau hemoliză), Hemoliză, Trombocitopenie, Pancitopenie, Steatoree (prezența grăsimilor în materiile fecale), Valori scăzute ale VLDL, LDL și colesterolului total"
Abrazia dentară,"Uzura smalțului și dentinei, Transformarea punctelor de contact în arii de contact, Atenuarea caracteristicilor primare ale dinților (autoșlefuirea
               crestelor cuspidiene și a marginilor tăioase), Distrugerea stratului de smalț, Afectarea dentinei, Sensibilitate la rece, Durere la stimuli chimici (alimente dulci), Durere la stimuli mecanici (atingere), Suprafețe dentare neregulate (în abrazia Ad palatum)"
Abruptio placentae,"Durere abdominală violentă, Stare de șoc, Sângerare cu sânge maroniu/negricios, necoagulabil, Paloare, Transpirații reci, Senzație de sete, Anxietate, Hipotensiune arterială, Tahicardie, Uter contractat, Bătăile cordului fetal nu se percep sau sunt alterate"
Acalazia cardiei,"dificultate la inghitit (disfagie) pentru alimente solide, disfagie pentru lichide, regurgitarea alimentelor nedigerate la scurt timp dupa masa, tuse nocturna (cauzată de regurgitare), aspiratia alimentelor in trahee, durere toracica asociata cu alimentatia, arsuri digestive (pirozis), scadere ponderala"
Acanthosis nigricans,"Pete de culoare închisă pe piele, Piele îngroșată, cu grosime mai mare decât țesutul cutanat înconjurător, Localizare frecventă în zona axilară, zona cervicală (ceafă) și zona
               inghinală, Aspect catifelat al plăcilor hiperpigmentate, Prurit (mâncărime) ocazional, Plăci palpabile (în evoluție), Afectarea mucoaselor (cavității orale, nazale, laringiene, esofag) -
               ocazional, Afectarea zonei mamelonare - ocazional, Leziuni papilomatoase ale pleoapelor și conjunctivei - ocazional, Leukonichia (pete albe pe unghii) - rar, Hiperkeratoza unghială - rar, Alungirea papilelor filiforme ale limbii (în forma malignă), Leziuni papilare la nivelul comisurilor bucale (în forma malignă), Leziunile orale sunt rareori hiperpigmentate, Apariție rapidă și extinsă a leziunilor (sugestiv pentru forma malignă)"
Acatisia,"senzatia neplacuta de neliniste interioara, imposibilitatea de a sta linistit, imposibilitatea de a nu se misca, senzatia de neliniste, anxietate, disconfort sever mai ales la genunchi, apăsarea genunchilor sau statul în genunchi ore întregi, durere neuropatica (asociată), fibromialgie (asociată), sindrom al picioarelor nelinistite (asociat)"
Accident ischemic tranzitor,"Slăbiciune, senzație de amorțeală sau paralizie a unui hemicorp (tipic
               cu afectarea feței și a membrelor superioare), Asimetria gurii, Dificultatea de a menține ambele brațe ridicate, Tulburări de vorbire (dizartrie, afazie/disfazie, vorbire explozivă,
               sacadată), Tulburări de înțelegere a limbajului, Cecitate (orbire) tranzitorie la nivelul unui ochi (amaurosis fugax) sau
               a ambilor ochi, Amețeală, Cefalee severă fără o cauză aparentă, Tulburări de motilitate oculară, Închidere incompletă a pleoapelor, Dificultăți la înghițire (disfagie), Devierea laterală a limbii, Deficite de câmp vizual, Hipotonie musculară, Tremor intențional, Nistagmus, Tulburări de scris, Ataxie cerebeloasă (mers nesigur, neregulat, cu bază largă de
               susținere)"
Accident vascular cerebral (AVC),"Pierderea rapida a functiei cerebrale, Paralizia membrelor din jumatatea dreapta sau stanga a corpului
               (hemiplegie), Imposibilitatea de a intelege sau a formula cuvintele (afazie), Imposibilitatea de a vedea intr-un cadran al campului vizual, Debut brusc (în câteva secunde sau minute), Cefalee (mai ales în hemoragia subarahnoidiana, tromboza venoasa
               cerebrala, hemoragia intracerebrala), Slabiciune faciala brusca, Paralizia/slăbiciunea bratului, Vorbire anormala (dizartrie), Parestezii (furnicături), Reducerea sensibilitatii sau a senzatiei vibratorii, Flasciditate initiala (hipotonie), Simptome unilaterale (afectează doar o parte a corpului), Alterarea mirosului, a gustului, auzului sau a vederii (totala sau
               partiala), Ptoza pleoapei si slabiciunea muschilor orbiculari, Diminuarea reflexelor: deglutitia, tusea, reactivitatea pupilei la
               lumina, Diminuarea sensibilitatii si slabiciunea muschilor faciali, Probleme ale echilibrului, Nistagmus, Frecventa respiratorie si cardiaca anormale, Slabiciunea muschiului sternocleidomastoidian (imposibilitatea de a
               intoarce capul in lateral), Slabiciunea limbii, Apraxia (miscari voluntare alterate), Defecte ale campului vizual, Deficite ale memoriei (afectarea lobului temporal), Gândire dezorganizata, Confuzie, Gesturi hipersexuale (afectarea lobului frontal), Tulburari ale echilibrului in mers, Afectarea coordonarii miscarilor, Vertij, Dezechilibru"
Aceruloplasminemia,"Acumularea de cantități mari de fier la nivelul creierului și al altor
               organe interne, Probleme locomotorii: distonia, tremurul, coreea, blefarospasmul, Tulburări ale coordonării (ataxie), Probleme de natură psihiatrică, Declin intelectual (demență), apărut în general în jurul vârstei de
               40-50 de ani, Diabet zaharat (mellitus), Hiperglicemie, Poliurie, Glicozurie, Polidipsie, Polifagie, Modificări la nivelul retinei (mici puncte sau arii opace, atrofie
               retiniană), Degenerarea retinei (nu afectează neapărat vederea inițial), Anemie moderată (scăderea numărului de globule roșii), Oboseală, Slăbiciune, Paloare, Scurtarea respirației"
Acid folic scăzut,"Fatigabilitate, Inapetență, Slăbiciune musculară, Scădere în greutate, Diaree, Constipație, Glosită, Tahicardie, Tulburări de concentrare, Iritabilitate, Depresie, Demență, Anemie megaloblastică"
Acidoza lactica,"Hipotensiune severă, Oligurie, Anurie (lipsa urinarii), Deteriorarea statusului mental, Tahipnee, Alterarea senzoriului, Vasoconstricție periferică, Hiperventilație Kussmaul (respirație Kussmaul), Febră peste 38 de grade Celsius, Hipotermie (sub 35 de grade Celsius), Dispnee, Scăderea contractilității diafragmului, Scăderea responsivității la catecolamine, Scăderea pragului fibrilației, Scăderea contractilității cardiace (la pH mai mic de 7.1), Creșterea contractilității și a frecvenței cardiace (la pH > 7,2)"
Acidoza metabolica,"Hiperventilatie (compensatorie), Dispnee (diverse grade), Greata (mai ales la copii), Varsaturi (mai ales la copii), Scaderea apetitului (mai ales la copii), Tahipnee, Hiperpnee, Respiratie Kussmaul (efort respirator intens), Tinitus (în intoxicația cu salicilați), Vedere încețoșată (în intoxicația cu salicilați), Vertigo (în intoxicația cu salicilați), Anomalii vizuale (în intoxicația cu metanol), Fotofobie (în intoxicația cu metanol), Scotoame (în intoxicația cu metanol), Edem retinian (în intoxicația cu metanol), Orbire (în intoxicația cu metanol), Paralizii ale nervilor cranieni (în intoxicația cu etilenglicol), Letargie, Stupor, Coma (mai ales în intoxicații), Cefalee, Confuzie, Aritmii ventriculare, Contractilitate cardiacă redusă, Răspuns inotropic la catecolamine redus, Hipotensiune, Insuficiență cardiacă congestivă, Palpitații, Angină, Durere abdominală, Polifagie, Diaree, Slăbiciune musculară generalizată, Fracturi, Durere osoasă, Sete, Poliurie, Durere epigastrică (în cetoacidoza diabetică), Anorexie, Prurit (în insuficiența renală)"
Acidoza respiratorie,"dispnee, wheezing, cianoză (în cazul hipoxemiei severe), agitație, somnolență, neliniște, cefalee, comă (în cazurile grave), hipertensiune intracraniană (din narcoza prin dioxid de carbon), hipoventilație alveolară"
Acidoza tubulară renală,"Osteomalacie / demineralizare osoasă, Nefrocalcinoză, Infecții de tract urinar recurente, Constipație (semn de hipokaliemie), Slăbiciune musculară (semn de hipokaliemie), Crampe musculare (semn de hipokaliemie), Aritmii (semn de hipokaliemie), Astenie (semn de hipokaliemie), Paralizii (semn de hipokaliemie), Întârziere / stagnare a creșterii (la copii), Glicozurie (în sindrom Fanconi / ATR tip 2), Fosfaturie (în sindrom Fanconi / ATR tip 2), Uricozurie (în sindrom Fanconi / ATR tip 2), Aminoacidurie (în sindrom Fanconi / ATR tip 2), Proteinurie (în sindrom Fanconi / ATR tip 2), Litiază renală, Osteopenie (în ATR tip 2), Osteoporoză (în ATR tip 3), Calcificări cerebrale (în ATR tip 3), Întârzierea dezvoltării (în ATR tip 3), Dismorfism facial (în ATR tip 3), Surditate (în ATR tip 3), Afectare cognitivă (în ATR tip 3), Hipotensiune arterială (în pseudohipoaldosteronism tip 1), Hiponatremie (în pseudohipoaldosteronism tip 1), Creșterea excreției de sodiu (în pseudohipoaldosteronism tip 1), Hipertensiune arterială (în pseudohipoaldosteronism tip 2), Acidoză metabolică hipercloremică cu gaură anionică normală, Hipokaliemie (în ATR tip 1 și 2), pH urinar > 5,3 (în ATR tip 1), pH urinar crescut (inițial, în ATR tip 2), Hiperkaliemie (în ATR tip 4)"
Acidoza tubulară renală la copil,"falimentul creşterii, poliurie, constipaţie, vărsături, deshidratare, rahitism, slăbiciune musculara, scăderea capacităţii de concentrare a urinei, paralizie (care poate duce la stop respirator), aritmie cardiacă, surditate/hipoacuzie, osteoporoză, calcificări intracerebrale, retardare mintală, fracturi osoase, dismorfism facial, cecitate (datorată compresiei nervilor oculari), Hiperpotasemie, Hiponatremie"
Aclorhidria si hipoclorhidria,"Incapacitatea de a digera adecvat alimentele, Malabsorbție generală a proteinelor, Risc crescut de osteoporoză, Incapacitatea de a absorbi microelemente (zinc, magneziu, calciu, fier,
               seleniu etc.), Incapacitatea de a steriliza conținutul gastric, Suprapopulare cu microorganisme patogene (bacterii, Candida albicans), Risc crescut de infecții enterice (virusuri Epstein-Barr, Coxsackie,
               Echovirus), Fermentarea alimentelor în stomac, Acumulare de gaze intestinale, Producție de alcooli toxici în tractul digestiv, Malabsorbția vitaminei B12, Îmbătrânire accelerată (datorită malabsorbției), Balonare, Distensie abdominală, Flatulență, Tendință la alergii alimentare, Boală de reflux gastro-esofagian, Anemie prin deficiență de fier, Anemie prin deficiență de vitamina B12, Disbioză (candidozică sau bacteriană), Scaune urât mirositoare, Acnee la adulți, Eczeme, Pete albe unghiale, Somnolență după masă, Artrită reumatoidă (declanșată), Sațietate precoce, Scădere ponderală, Zgomote hidro-aerice intestinale frecvente, Disconfort abdominal, Manifestări neurologice (din suprapopulare bacteriană): modificări
               vizuale, parestezii, ataxie, slăbiciune musculară, pierderi de memorie, halucinații,
               modificări ale personalității și comportamentului"
Acneea - cosurile,"Leziuni retentionale (comedoane - puncte negre sau albe, microchisturi,
               macrochisturi), Leziuni inflamatorii (papule - leziuni roșii, reliefate; pustule -
               leziuni cu puroi), Piele seboreică (grasă), Leziuni ulcero-hemoragice (în acneea fulminans), Leziuni necrotice (în acneea fulminans), Febră (în acneea fulminans), Polialtralgii - dureri articulare multiple (în acneea fulminans), Alterarea stării generale (în acneea fulminans), Proteinurie (proteine în urină - în acneea fulminans), Complexe imune circulante (în acneea fulminans), Polinucleoză (creșterea numărului de globule albe polinucleare - în
               acneea fulminans), Debut inflamator brutal, mai ales în zona nasului și obrajilor (în
               piodermita facială), Chisturi și tuneluri din care iese puroi (în acneea conglobată), Leziuni escoriate (zgâriate, provocate prin manipularea coșurilor)"
Acneea juvenila,"comedoane (puncte negre), papule inflamatorii (denivelari de culoare rosie la nivelul pielii), pustule (colectii purulente), noduli, seboree"
Acneea la adulti,"Comedoane (puncte albe si/sau puncte negre) prezente la nivelul fetei,
               gatului, spatelui si al pieptului, Noduli moi, sub piele (in special in partea inferioara a fetei, la
               nivelul maxilarului si a barbiei la femei), Pustule inflamate, Eruptii acneice mai agresive, Nodul dureros (la nivelul inferior al fetei, in acneea hormonala)"
Acneea vulgară,"inflamarea unității pilosebacee, eritem, papule, pustule, comedoane (închise sau deschise), leziuni localizate la nivelul feței, decolteului, gâtului și pe spate, sensibilitate locală, leziuni dureroase (uneori), Grad 1: prezența comedoanelor (închise sau deschise), Grad 2: eritem și papule (leziuni inflamate), Grad 3: prezența pustulelor, Grad 4: formarea unor noduli și chisturi (formă severă)"
Acondroplazie,"Piticism, Statura mica cu brate si picioare scurte disproportionate, Cap mare cu boselare frontala, Torace colabat, Greutate crescuta, Elemente faciale caracteristice, Miscarile motorii grosiere intirziate, Controlul capului intirziat, Sezutul independent intirziat, Vorbitul si problemele de limbaj (cauzate de limba protruzionata, se
               rezolva spontan), Largirea craniului, Control slab al capului, Insuficienta respiratorie, Apnee, Cianoza, Cvadripareza, Durere de spate, Sciatica, Diestezii, Parestezii, Parapareza, Incontinenta, Claudicatie neurologica (oboseala sau crampe musculare in picioare,
               induse de mers sau repaus), Sindromul cozii de cal, Cifoza toracolombara (inainte de mers), Lordoza interscapulara (inainte de mers), Lordoza lombara exagerata (dupa mers), Rotatia anterioara a pelvisului (dupa mers), Contracturi in flexie a soldului (dupa mers), Abdomen proeminent (dupa mers), Fese proeminente (dupa mers), Afectare rizomelica a membrelor superioare (segmente proximale mai
               implicate decit cele distale), Umeri mari (datorita dezvoltarii normale a claviculei si a
               musculaturii), Brate scurte cu formare de mase musculare si aparenta musculatura
               dezvoltata scapulara, Pierderea extensiei totale a cotului, Afectare rizomelica a membrelor inferioare, Contracturi in flexie a coapselor, Laxitate ligamentara, Rotatie externa cu genu recurvatum (inainte de mers), Tibie arcuita, Genu varum, Pierderea auzului, Incalecare si malocluzie dentara (prin hipoplazie maxilara), Obstructia cailor respiratorii superioare, Perete toracic mic, Pectus excavatus, Capacitate vitala redusa, Sforait, Adormit cu gura deschisa si gitul in hiperextensie, Hipotonia in copilarie, Initierea tardiva a mersului biped, Inteligenta normala cu deficit minor vizual-spatial, Oase calvarine mari in contrast cu baza craniului si oasele fetei mici, Megalencefalie, Bose frontale, Hipoplazia fetei mijlocii, Statura mica disproportionata (inaltimea medie la adult barbat este 131
               cm si la femeie 124 cm), Inaltime normala a trunchiului care pare lung, Cusca toracica mica, Scurtare rizomelica a membrelor superioare cu falduri de piele, Bradidactilie, Configuratia miinii in trident, Gibus toracolombar in copilarie, Hiperlordoza compensatorie dupa initierea mersului, Hiperextensibilitate a articulatiilor (mai ales a genunchilor), Extensia limitata a cotului, Genu varum la ambele picioare"
Acrocianoza,"Colorație albăstruie (cianoză) persistentă a pielii la extremități
               (mâini, picioare, degete), Colorație albăstruie (cianoză) a nasului, urechilor, buzelor sau
               mamelonului (în unele cazuri), Hiperhidroză (transpirație excesivă) în zonele afectate, Senzație de rece la nivelul extremităților afectate, De obicei nedureroasă (în forma primară), Modificări de culoare asimetrice (în forma secundară), Durere (în forma secundară), Distrucții tisulare / ulcerații / gangrenă (în forma secundară sau în
               afecțiunea de bază)"
Acrodermatita enteropatica,"dermatita periorificiala si acrala, alopecie (scalp, sprancene, gene), diaree, pete si placi eritematoase, uscate, eczematoase, cruste, veziculobule, leziuni erozive, pustule, leziuni distribuite periorificial si acral (fata, scalp, maini,
               picioare, zona anogenitala), distrofia unghiilor, modificari comportamentale, constipatie, anorexie, paronichie, fotofobie, modificari neurologice, deficite ale suprafetei oculare, conjunctivale si pleoapelor, blefarospasm, conjunctivita cronica, blefarita, keratopatie punctata, paloare epidermica (la examen histologic), edem intracelular (la examen histologic)"
Acrofobia - frica de înălțime,"dificultăți de respirație, accelerarea bătăilor inimii, durere toracică sau senzație de apăsare, tremur sau agitație, senzație de amețeală sau leșin, crampe în stomac, bufeuri, transpirație, senzație de anxietate copleșitoare sau de panică, nevoia intensă de a scăpa, frica de a pierde controlul asupra situației, sentimentul de neputință în fața fricii, gânduri de suicid (în timpul atacurilor de panică extreme)"
Acromegalia și gigantismul,"Creșterea în dimensiuni a extremităților (mâini, picioare), Îngroșarea mâinilor și a picioarelor, Creșterea numărului la pantofi, Nepotrivirea inelelor pe degete, Maxilarele, nasul și fruntea devin mai proeminente, Prognatism (proeminența anterioară a maxilarelor), Hipertrofia oaselor zigomatice, Buzele se îngroașă, Trăsăturile faciale devin aspre, Limba crește în dimensiuni (macroglosie), Dinții sunt separați de spații mai mari, Excrescențe pe piele, Voce adâncă și răgușită, Obstrucția căilor aeriene superioare, Sforăit, Organomegalie (ficat, rinichi, splină, cord), Creșterea în înălțime excesivă (în gigantism), Creșterea în lungime a membrelor (în gigantism), Hiperstaturalitate (în gigantism), Transpirație excesivă, Slăbiciune musculară, Surditate (în gigantism), Întârzierea pubertății (în gigantism), Neregularitatea perioadelor menstruale la fete (în gigantism), Ten seboreic, Pilozitate excesivă, Metabolizarea inadecvată a glucidelor, Hipertensiune arterială, Hiperfosfatemie, Hipercalciurie, Urolitiază, Senzații de furnicătură sau arsură (compresie nervoasă), Cefalee (compresie adenom), Tulburări de vedere (compresie adenom), Tulburări ale ciclului menstrual (compresie/invazie adenom), Galactoree la femei (compresie/invazie adenom), Disfuncții erectile la bărbat (compresie/invazie adenom), Dezvoltarea tardivă a organelor reproductive (compresie/invazie adenom)"
Acromia,"Hipopigmentare (cantitate redusă de pigment), Lipsa completă a pigmentului pielii, Pete depigmentate care apar pe corp și se extind (asociat cu Vitiligo), Albirea pielii în zonele expuse la soare (asociat cu Vitiligo), Discolorații pe porțiuni extinse de piele, Absența pigmentului din păr, piele și ochi (asociat cu Albinism), Culoare neobișnuit de deschisă a părului, pielii și ochilor (asociat cu
               Albinism), Albirea sau grizonarea timpurie a părului, genelor și sprâncenelor
               (asociat cu Vitiligo), Decolorarea membranelor mucoase ale gurii și nasului (asociat cu
               Vitiligo), Pierderea sau modificarea culorii retinei (asociat cu Vitiligo), Strabism (asociat cu Albinism), Fotofobie (sensibilitate la lumină) (asociat cu Albinism), Nistagmus (mișcări involuntare ale ochilor) (asociat cu Albinism), Vedere neclară (asociat cu Albinism), Astigmatism (asociat cu Albinism)"
Maskne - Acneea provocată de purtarea măștii,"Debutul acneei în decurs de 6 săptămâni de la începerea purtării măștii, Exacerbarea acneei preexistente la nivelul zonei acoperite de mască, Apariția leziunilor la nivelul zonei O (bărbie, perinazal, perioral), Apariția leziunilor în zona obrajilor (mai rar), Pori înfundați, Leziuni acneice, Creșterea volumului porilor, Roșeață a pielii, Iritații ale pielii, Poate agrava: Rozacee, Dermatită de contact iritativă, Dermatită
               atopică, Foliculită, Urticarie, Dermatită seboreică, Dermatită periorală"
Actinomicoza,"Tumefiere a tesutului moale (oro-cervico-facial), Abces (oro-cervico-facial, abdominal, renal, perinefretic, cerebral,
               tubo-ovarian), Masa lezionala (oro-cervico-facial, toracica, abdominala, pelvina), Infectie recurenta (gat si cap), Otita, Sinuzita, Canaliculita, Febra, Durere regionala, Leucocitoza (cresterea numarului de leucocite), Durere toracica, Scadere ponderala, Tuse productiva (cu expectoratie), Aspect de pneumonita (pe radiografia toracica), Cavitati (pe radiografia toracica), Adenopatie hilara (pe radiografia toracica), Pahipleurita (ingrosarea foitelor pleurale), Pleurezie (acumularea de lichid pleural), Empiem (acumularea de puroi in cavitatea pleurala), Leziuni endobronsice (rare), Formatiune pseudotumorala abdominala (fixata la structurile subiacente), Leziune infiltrativa, cu contur neregulat (imagistica abdominala), Traiecte fistuloase (catre peretele abdominal, regiunea perianala,
               vezica urinara, intestin, uter, tegument), Simptomatologie abdominala recurenta, Plaga sau fistula care nu se vindeca, Leziuni hepatice sub forma de abcese unice sau multiple, Pielonefrita, Obstructie ureterala, Dureri abdominale (in boala pelvina), Hemoragii (in boala pelvina), Secretii vaginale cu aspect anormal, Endometrita, Aspect de „pelvis inghetat” (in boala pelvina), Crestere inelara a leziunii cerebrale (imagistica), Perete gros, neregulat sau nodular al abcesului cerebral (imagistica), Procese de osteogeneza si osteoliza (in boala osoasa), Periostita, Osteomielita, Leziuni nodulare multiple (pulmon, ficat - in boala diseminata), Tablou clinic atipic (in boala diseminata), Absenta durerii (uneori, in boala diseminata), Prezenta ""granulelor de sulf"" in secretii sau puroi"
Adenita (Limfadenita),"Mărirea ganglionilor limfatici (umflături sub piele), Durere și sensibilitate la nivelul ganglionilor limfatici (la atingere
               sau presiune), Roșeață în zona ganglionilor limfatici afectați, Căldură locală în zona ganglionilor limfatici afectați, Febră redusă sau moderată (în caz de infecție), Frisoane (în caz de infecție), Oboseală generalizată (în caz de infecție), Dureri de gât (în caz de infecție asociată), Tuse (în caz de infecție asociată), Nas înfundat (în caz de infecție asociată), Secreții nazale (în caz de infecție asociată), Supurație (formarea de puroi) în cazul infecțiilor bacteriene
               localizate, Umflarea ganglionilor limfatici în mai multe regiuni ale corpului (în
               limfadenita generalizată), Pierdere în greutate neintenționată (în limfadenita generalizată), Febră moderată sau înaltă (în limfadenita generalizată), Transpirații nocturne (în limfadenita generalizată), Slăbiciune generală (în limfadenita generalizată), Erupții cutanate (în cazul unor infecții specifice), Dificultăți la urinare (în cazul unor infecții specifice)"
Adenocarcinomul de colon,"schimbări ale tranzitului intestinal (constipație, diaree, incontinență), prezența sângelui în materiile fecale, evidențiată clinic prin melenă, balonare abdominală, durere în zona pelviană, episoade anemice inexplicabile, scădere în greutate neașteptată, vărsături"
Adenocarcinomul gastric,"senzație de sațietate în lipsa consumului de alimente, vărsături, posibil sub formă de hematemeză, oboseală cauzată de anemie, scădere ponderală bruscă, dificultăți la înghițire, dureri abdominale, indigestie, disfagia, greață, dureri epigastrice (în stadiile incipiente)"
Adenocarcinomul pancreatic,"Scădere în greutate, Icter, Durere, Dispepsie, Grețuri, Vărsături, Pancreatită, Debut brusc al diabetului zaharat tip II la un adult peste 50 ani"
Adenoidita,"Febră (39-40 C în forma acută, persistentă 2-3 săptămâni în forma
               subacută), Dificultate în respirație, Sforăit (respirație zgomotoasă în somn), Respirație frecventă pe gură (respirație orală/bucală), Convulsii febrile (în forma acută), Inapetență (scăderea poftei de mâncare), Diaree (uneori în forma acută), Obstrucție nazală, Secreție nazală muco-purulentă (rinoree), Agitație (în forma acută), Polipnee (în forma acută), Curbă ponderală staționară sau distrofie (în forma subacută), Hipoacuzie (scăderea acuității auditive), Otalgie (durere de ureche), Boltă palatină ogivală (în forma cronică), Rinită persistentă (în forma cronică), Infecții de vecinătate (în forma cronică), Voce nazonată (în forma cronică), Tuse nocturnă chinuitoare (în forma cronică), Scăderea acuității gustative și olfactive (în forma cronică), Facies adenoidian (în forma cronică), Torace aplatizat (în forma cronică), Întârziere în dezvoltarea staturo-ponderală (în forma cronică), Sleep-apnee (în forma cronică), Respirație stertoroasă (în forma cronică)"
Adenom suprarenalian,"Majoritatea sunt asimptomatice (non-funcționale), Hipertensiune arterială (din Sindromul Cushing sau Conn), Slăbiciunea mușchilor proximali (din Sindromul Cushing), Cefalee (din Sindromul Cushing), Poliurie (din Sindromul Cushing), Tahicardie (din Sindromul Cushing sau examen clinic), Palpitații (din Sindromul Cushing), Hipopotasemie (din Sindromul Cushing sau Conn), Hipocalcemie (din Sindromul Cushing), Obezitate centrală (din Sindromul Conn sau examen clinic), Facies de lună plină (din Sindromul Conn), Pletora (din Sindromul Conn), Vergeturi (din Sindromul Conn sau examen clinic), Piele subțire (din Sindromul Conn), Hirsutism (din Sindromul Conn sau examen clinic), Fragilitate capilară (din Sindromul Conn), Teleangiectazii (din Sindromul Conn), Hiperhidroză (din Sindromul Conn), Virilizare masculină (creșterea penisului, pilozitate pubiană), Virilizare feminină (creșterea masei musculare, clitoromegalie,
               pilozitate facială, timbru vocal îngroșat, pilozitate pubiană), Feminizare (ginecomastie, impotență), Hipotensiune ortostatică (din examen clinic), Retinopatie hipertensivă (din examen clinic), Ginecomastie (din Feminizare sau examen clinic)"
Adenomioza,"sangerari menstruale abundente si prelungite (8-14 zile), durere pelvina, ce acompaniaza menstruatia (dismenoree), durere in timpul actului sexual, crampe abdominale, Uterul se dubleaza sau se tripleaza in dimensiuni, Abdomenul inferior devine usor marit, Adenomioza este silentioasa, evoluand asimptomatic sau usor
               inconfortabil (in unele cazuri)"
Adenomul cromofob,"Cefalee (datorată presiunii exercitate asupra diafragmului şeii turceşti
               de către procesul tumoral), Tulburări de somn, Modificări ale apetitului, Febră, Obezitate, Tulburări de vedere, Hemianopsie (îngustarea câmpului vizual), Pierderea totală a vederii prin atrofia nervului optic, Instalarea diabetului insipid, Hipogonadism (regresiunea caracterelor sexuale), Insuficiența suprarenală, Insuficiența tiroidiană"
Adenomul de prostata,"Tulburari de mictiune, Polakiurie nocturna (peste doua mictiuni, in special spre dimineata), Senzatie de corp strain rectal, Erectii si polutii nocturne (inconstant), Polakiurie diurna, Disurie, Scaderea calibrului si fortei jetului urinar, Mictiune intermitenta, Senzatie de golire incompleta a vezicii, Imperiozitate mictionala, Glob vezical (in faza de retentie cu distensie), Pseudoincontinenta urinara (urinare prin prea plin), Paloare (semn de insuficienta renala), Edeme ale membrelor inferioare (semn de insuficienta renala), Greturi (semn de insuficienta renala), Somnolenta (semn de insuficienta renala), Apatie (semn de insuficienta renala)"
Adenomul hepatic,"Durere în hipocondrul drept sau regiunea epigastrică, Masă palpabilă în zona ficatului, Durere severă acută abdominală (în caz de hemoragie), Semne de șoc (hipotensiune, tahicardie, paliditate, confuzie, diaforeză)
               în caz de hemoragie, Sensibilitate la palparea abdomenului, Paloare (conjunctivală) în caz de hemoragie, Semne de hemoperitoneu (semnul valului, Grey-Turner, Cullen)"
Adenomul hipofizar,"Cefalee (bitemporală, frontală sau retro-orbitară), Fluctuații ale temperaturii, Hiperfagie (ingestia excesivă de alimente), Alterări ale ritmului nictemeral, Tulburări emoționale, Hidrocefalie internă, Tulburări comportamentale, Convulsii, Paralizia nervilor cranieni III, IV, VI, Diplopie (vedere dublă), Rinolicvoree (exteriorizarea de lichid cefalorahidian pe nas), Modificări ale câmpului vizual, Ptoză palpebrală (căderea pleoapei), Amenoree (lipsa menstruaţiei) - în prolactinom, Galactoree (secreţie lactată la nivelul sânului) - în prolactinom, Gigantism (înainte de pubertate) / Acromegalie (postpubertar) - în
               adenom secretant de GH, Creștere disproporționată a extremităților (mâini, picioare) - în
               acromegalie, Facies acromegalic (nas mare, buze groase, macroglosie, prognatism,
               bose frontale), Piele îngroșată (cutis verticis girata) - în acromegalie, Hirsutism (pilozitate excesivă la femei) - în acromegalie, Hipersudoraţie neplăcut mirositoare - în acromegalie, Miopatie proximală (slăbiciune musculară) - în acromegalie, Neuropatie compresivă (ex. sindrom de tunel carpian) - în acromegalie, Voce modificată - în acromegalie, Deformări articulare și dureri (genunchi, șold, gleznă, cot, coloană) -
               în acromegalie, Tahicardie / Sindrom hiperkinetic - în acromegalie (stadii incipiente), Hipertensiune arterială - în acromegalie, Cushing, Hipertrofie ventriculară stângă / Insuficiență cardiacă - în
               acromegalie (tardiv), Constipație (megadolicocolon) - în acromegalie, Scăderea toleranţei la glucoză / Diabet - în acromegalie, Cushing, Infertilitate - în prolactinom, adenom secretant de gonadotropi, Impotență (la bărbați) - în prolactinom, adenom secretant de
               gonadotropi, Sindrom Cushing (Obezitate facio-tronculară, piele subțire, vergeturi,
               osteoporoză etc.) - în adenom secretant de ACTH, Acnee, seboree, alopecie difuză, hirsutism - în sindrom Cushing, Scădere ponderală - în adenom secretant de TSH, Creşterea apetitului - în adenom secretant de TSH, Tulburări de ritm (fibrilaţie atrială, tahicardie) - în adenom
               secretant de TSH, Intoleranţă la căldură - în adenom secretant de TSH, Hipersudoraţie - în adenom secretant de TSH, Tremor - în adenom secretant de TSH, Poliexoneraţie (scaune frecvente) - în adenom secretant de TSH, Oboseală și slăbiciune musculară - în adenom secretant de TSH, deficit
               ACTH, Oligomenoree (flux menstrual scăzut) - în adenom secretant de TSH, Irascibilitate, nervozitate - în adenom secretant de TSH, Tulburări de vedere (fotofobie, conjunctivită, diplopie, exoftalmie) -
               în adenom secretant de TSH, Hipoglicemie - în deficit de GH, Pierderea forţei musculare - în deficit de GH, Tulburări de creştere la copii - în deficit de GH, Hipotiroidism (simptome nespecificate) - în deficit de TSH, Depigmentare cutanată - în deficit de ACTH, Insuficienţă suprarenală (astenie, pierdere în greutate, hipotensiune)
               - în deficit de ACTH"
Adenopatia (Limfadenopatia),"Cresterea in dimensiuni a nodulilor limfatici, Eritem local (sugerează limfadenită), Caldură locală (sugerează limfadenită), Sensibilitate locală (sugerează limfadenită), Fluctuență (sugerează limfadenită), Noduli comprimați împreună, fermi și nedureroși (sugerează neoplazie), Febră (în infecții, neoplazii, limfadenopatia angioimunoblastică), Scădere în greutate (în neoplazii, limfadenopatia angioimunoblastică), Transpirații nocturne (în neoplazii, limfadenopatia angioimunoblastică), Erupții nespecifice similare celor virale (în limfadenopatia
               angioimunoblastică), Poliartrită seropozitivă (în limfadenopatia angioimunoblastică), Prurit (în limfadenopatia angioimunoblastică), Hepatosplenomegalie (în limfadenopatia angioimunoblastică), Anemie hemolitică (în limfadenopatia angioimunoblastică), Hipergammaglobulinemie policlonală (în limfadenopatia
               angioimunoblastică), Afectare cutanată (în limfadenopatia angioimunoblastică), Anorexie (în neoplazii), Durere nespecifică (în neoplazii), Crampe nespecifice (în neoplazii), Tuse (în adenopatia mediastinală), Wheezing (în adenopatia mediastinală), Disfagie (în adenopatia mediastinală), Hemoptizie (prin eroziunea căilor respiratorii în adenopatia
               mediastinală), Atelectazii (în adenopatia mediastinală), Sindrom de venă cavă superioară (în adenopatia mediastinală), Conjunctivită severă (în sindromul oculo-glandular), Edem al pleoapelor (în sindromul oculo-glandular), Durere abdominală dreaptă (în adenita mezenterică), Creșterea diurezei (în adenopatia abdominală), Constipație (în adenopatia abdominală), Obstrucție intestinală (în adenopatia abdominală)"
Adenopatia inghinală,"Creșterea în dimensiuni a ganglionilor limfatici din zona inghinală
               (umflături)"
Adenopatie axilară (ganglioni palpabili în axilă),"Creșterea în dimensiuni a ganglionilor limfatici localizați în regiunea
               axilară (ganglioni palpabili), Ganglioni măriți de volum, Consistență variabilă a ganglionilor (fermă, inegală, moale), Ganglioni nedureroși sau dureroși (variabil), Ganglioni mobili sau aderenți la planurile adiacente, Edem localizat la nivelul țesuturilor învecinate, Febră (asociată cu cauza de bază), Alterarea stării generale (asociată cu cauza de bază), Slăbiciune musculară (asociată cu cauza de bază), Transpirații nocturne intense (asociate cu cauza de bază), Scădere ponderală (asociată cu cauza de bază), Congestie nazală (asociată cu cauza de bază), Durere locală (în axilă sau generalizată, asociată cu cauza de bază), Splenomegalie (asociată cu cauza de bază), Hepatomegalie (asociată cu cauza de bază), Prurit (asociat cu cauza de bază, ex. limfom), Erupții cutanate (asociate cu cauza de bază), Oboseală (asociată cu cauza de bază), Durere în gât (asociată cu cauza de bază, ex. mononucleoză), Cefalee (asociată cu cauza de bază), Inapetență (asociată cu cauza de bază)"
Adenopatii cervicale,"Modificarea de volum a ganglionilor limfatici, Modificarea de consistență a ganglionilor limfatici, Modificarea de formă a ganglionilor limfatici, Modificarea de număr a ganglionilor limfatici, Ganglioni limfatici palpabili, Ganglioni limfatici măriți de volum (peste 1 cm la adulți, peste 2 cm la
               copii), Sensibilitate sau durere la palpare (cauzată de mărirea rapidă de volum,
               inflamație, supurație, hemoragie), Consistență foarte tare (sugestivă pentru malignitate metastatică), Consistență fermă, elastică (sugestivă pentru limfom), Consistență moale (sugestivă pentru infecție), Consistență fluctuantă (sugestivă pentru supurație), Fixarea nodulilor la tegument sau la țesuturile învecinate (sugestivă
               pentru metastaze sau supurație), Febră (asociată cu diverse cauze: mononucleoză, infecții, boala
               Kikuchi), Stare generală alterată (în mononucleoza infecțioasă), Tuse (în infecții respiratorii), Rinoree (în infecții respiratorii), Congestie sinusală (în infecții respiratorii), Zona din jurul nodulilor limfatici caldă, moale, eritematoasă (în boala
               zgârieturii de pisică), Zona din jurul nodulilor limfatici indurată și supurativă (în boala
               zgârieturii de pisică), Fistulizare cu eliminare de cazeum la nivel tegumentar (în tuberculoză), Eczemă maculo-papulară (în toxoplasmoză), Mialgie (în toxoplasmoză), Cefalee (în toxoplasmoză), Transpirații profuze (în boala Kikuchi), Adenopatie care persistă mai mult de 2-4 săptămâni, Adenopatie acută (durată sub 2 săptămâni), Adenopatie cronică (durată peste 6 săptămâni)"
Adenoza vaginală,"Durere vaginală intermitentă, Durere în timpul actului sexual (dispareunie), Sângerări vaginale (anormale), Ușoară dismenoree, Prurit vaginal, Secreții vaginale, Leziuni roșii, granulare, nodulare sau ulcere la examenul ginecologic, Asimptomatic (frecvent)"
Adeziuni labiale,"De obicei asimptomatică, Durere în zona genitală, Dificultate la urinare, Infecții frecvente ale tractului urinar, Blocarea fluxului urinar, Reflux vaginal al urinei, Durere la adoptarea anumitor poziții de contact strâns cu zona anatomică
               implicată, Durere la urinare"
ADHD - Deficit de atentie - Tulburare hiperkinetica,"Probleme de concentrare, Nu reuseste sa isi finalizeze sarcinile, Se plictiseste dupa cateva minute, Trece de la o activitate la alta, Nu poate sa urmeze instructiuni sau sa isi faca temele, Teme uitate acasa sau pline de greseli, Repede distras de sunete si imagini nesemnificative, Dezorganizat in tot ceea ce intreprinde, Evita activitatile mentale care necesita efort mental sustinut, Pierde adesea materialele auxiliare pentru teme sau jocuri (pixuri,
               carti, caiete, jucarii), Uituc, Dificultate in a se concentra asupra detaliilor, Comite greseli din neatentie, Alearga, se catara peste tot, pune mana pe toate lucrurile si se joaca
               cu orice, Vorbeste intr-una, Isi roade unghiile si capetele creioanelor, Deosebit de galagios cand se joaca, Se adapteaza cu dificultate unui stil de joaca linistit, Nu poate sta locului (ex: la masa, la lectii, la scoala), Da din maini sau din picioare, se foieste pe scaun, Bate cu degetele sau cu creionul in masa, Neliniste interioara (in cazul adolescentilor si adultilor), Nevoia de a face permanent ceva (in cazul adolescentilor si adultilor), Incapabil sa-si moduleze reactiile imediate, Incapabil sa gandeasca inainte de a actiona, Se grabeste sa raspunda la intrebari inainte ca acestea sa fie
               formulate pana la sfarsit, Isi manifesta necenzurat emotiile, Actioneaza fara a avea in vedere consecintele conduitei sale, Nu poate sa stea incolonat sau sa isi astepte randul intr-o situatie
               sau joc de grup, Smulge adesea jucariile celorlalti copii, Poate fi violent, Ii intrerupe adesea pe ceilalti, intervine in conversatii sau jocuri, Vorbeste excesiv de mult, indiferent de cadrul social, Comportament agresiv (aproximativ 60% din copii), Isi pierde repede cumpatul, Se cearta, Refuza sa faca ceea ce i se cere, Tulburari de conduita: copilul distruge lucruri, minte, fura, incalca
               reguli, Dificultati specifice de invatare (cum ar fi dislexia), Simptome depresive, Senzatie de anxietate, Iritabilitate, Dipozitie sufleteasca oscilanta, Izbucniri de manie, Sensibilitate la critica, Hiperactivitate, Impulsivitate"
ADHD la adulți,"Dificultatea de a menține atenția, Comportament impulsiv, Hiperactivitate, Neliniște extremă (la adulți), Activitate intensă care îi epuizează pe ceilalți (la adulți), Se foiește, mișcă repetat picioarele, nu are astâmpăr, Dificultăți de a rămâne așezat, Stare de neliniște în absenţa mișcării, Dificultăți de a desfășura sau lua parte la activități în liniște, Persoana este adesea în mișcare, de parcă are avea un „motor”, Vorbit excesiv, Întreruperea partenerului de conversație, Răspuns la întrebări înainte ca acestea să fie puse până la capăt, Nerăbdare, Dificultate în a aștepta la rând, Dificultăți de a acorda atenție detaliilor, Greșeli făcute din lipsă de atenție, Dificultăți de a menține atenția asupra unei sarcini sau activități, Dificultăți de a asculta atunci când i se vorbește direct, Evitarea sau refuzul activităților care presupun un efort mental de
               durată, Dificultăți în urmărirea unor instrucțiuni sau finalizarea unor sarcini
               sau activități, Dificultăți de organizare și prioritizare a unor sarcini sau activități, Pierderea frecventă a unor obiecte (ochelari, telefon, chei, documente), Distragere cu ușurință de la activități, Uitarea frecventă a unor informații sau obiecte, Dificultăți cu rutina zilnică (trezitul, pregătitul pentru serviciu,
               punctualitatea), Ratarea termenelor limită, Anularea planurilor, Dificultate în a ţine cont de data unor programări, Dificultate în a păstra un loc de muncă pentru o perioadă îndelungată, Încercarea de a efectua mai multe activități în același timp, fără
               succes"
Adiposis dolorosa - neurolipomatoza,"Lipoame multiple dureroase, Obezitate generalizată, mai ales în perioada de menopauză, Astenie, slăbiciune și fatigabilitate, Modificări mentale cu instabilitate emoțională, Depresie, Epilepsie, Confuzie, Demență, Tulburări de somn, Uscăciunea ochilor și a gurii, Intestin iritabil, Coccidodinie, Vulvovaginită, Vulvodinie, Sindrom de tunel carpian, Sindrom Tietze, Trohanterite, Tendonită, Fibromialgii, Durere și disconfort în regiunea lipoamelor, Durerea se intensifică odată cu creșterea lipoamelor, Durerea se intensifică în conexiune cu menstrele, Tipul I (juxta-auricular): falduri sau grăsime dureroasă în interiorul
               genunchilor și a coapselor, Tipul II (difuz, generalizat): durerea se extinde în brațul superior,
               tălpi, Tipul III (lipomatoza, nodular): durere intensă în și în jurul
               lipoamelor multiple, Durerea variază de la disconfort, presiune ușoară, arsuri, înțepături,
               până la atacuri paroxistice, Durerea este simetrică, dar poate deveni localizată la genunchi și
               membrele inferioare, Durerea poate fi resimțită în oase sau grăsime, Hiperalgie la presiune ușoară și atingerea țesutului gras, Durerea este dependentă de temperatură și vreme (scade când este cald
               și uscat și când presiunea este ridicată), Tendință de umflare a degetelor, Parestezii prin compresia nervului median, Oboseală generală (agravată de activitatea fizică moderată sau
               tulburările de somn), Tendință la echimoze, Redoare matinală și după repaus, Cefalee, Durere de gât, Migrenă, Durere oculară, Disfuncție cognitivă (probleme de concentrare și memorie), Senzație de căldură"
Adrenoleucodistrofia,"Pierderea abilităților neurologice câștigate anterior (între 4 și 10 ani
               în forma clasică), Convulsii, Ataxie, Boala Addison (insuficiență adrenală), Degenerarea funcției auditive, Degenerarea funcției vizuale, Slabiciune a membrelor (în forma de adrenomielopatie), Parestezii ale membrelor (în forma de adrenomielopatie)"
Aerofagia,"înghițirea excesivă de aer, umflarea stomacului, eructații frecvente, epigastralgii (dureri în capul pieptului), senzația de ""prea plin"", meteorism abdominal (balonare), reflux gastro-esofagian, flatulență excesivă (în unele forme)"
Aerosinuzita (barosinuzita),"inflamatie dureroasa a membranei cavitatilor sinuzale paranazale si a
               sinusului frontal, inflamatie hemoragica a membranei cavitatilor sinuzale paranazale si a
               sinusului frontal (uneori), dureri faciale puternice, cefalee (durere de cap) care crește în intensitate în timpul coborârii
               (apropierii de sol), durere dizabilitantă (dacă presiunea nu este reversată), durere localizată frontal (predominant), durere temporală (mai rar), durere occipitală (mai rar), durere în regiunea retrobulbară (mai rar), epistaxis (sângerare nazală), secreții serosanguinolente din nas, simptome neurologice (afectarea nervului V cranian, în special nervul
               infraorbital)"
Afazia la copii,"dificultăți în găsirea cuvintelor, amestecare literelor într-un cuvânt, înlocuirea cuvintelor (ex: computerul devine TV), dificultăți în a urma instrucțiuni, atât auzite cât și citite, dificultăți în înțelegerea sensului cuvintelor, discurs ezitant, ritm lent de vorbire, vorbire simplă, greoaie, limitată la propoziții scurte, dificultăți cu gramatica, dificultăți cu ortografia, dificultăți de citire, dificultăți de scriere, probleme de comunicare, lipsa conștientizării problemei de comunicare"
Afazia primitivă progresivă,"Pierdere progresivă izolată a funcției limbajului, Afectare a articulației, Apraxie ideomotorie ușoară (de obicei orofacială), Discalculie (tulburarea de calcul si rationament matematic), Dezinhibiție, Dificultăți de înghițire (pot apărea pe parcurs), Afectarea ulterioară a altor funcții cognitive (memorie episodică,
               abilități vizuale spațiale, raționament), Modificări de comportament (pot apărea pe parcurs), Afectarea funcțiilor executive (apare pe parcurs), Afectarea judecății (apare pe parcurs)"
Afectarea tiroidiană în sarcină,"Fatigabilitate, Creștere în greutate (poate fi confundată cu simptom de sarcină), Constipație, Dificultăți de concentrare, Intoleranță la frig, Crampe musculare (asociate hipotiroidismului), Hipermetabolism (asociat tireotoxicozei), Hiperactivitate (asociată tireotoxicozei), Grețuri (în contextul tireotoxicozei gestaționale tranzitorii /
               hiperemesis gravidarium), Vărsături (în contextul tireotoxicozei gestaționale tranzitorii /
               hiperemesis gravidarium), Scădere în greutate (în contextul tireotoxicozei gestaționale
               tranzitorii / hiperemesis gravidarium), Deshidratare (în contextul tireotoxicozei gestaționale tranzitorii /
               hiperemesis gravidarium)"
Afectiuni congenitale ale cristalinului,"Hipermetropie (în afachie), Incapacitate de acomodație (în afachie), Astigmatism cristalinian (în lenticon, ectopie), Scăderea acuității vizuale (în lenticon), Scăderea vederii (în ectopie), Diplopie (vedere dublă) (în ectopie), Iridodonezis parțial (tremurături ale irisului) (în ectopie), Opacifierea cristalinului (cataractă congenitală), Lipsa unei porțiuni din cristalin (în colobom), Cristalin mai mic și de formă sferică (în microsferofachie), Deformare conică sau sferică a feței cristalinului (în lenticon), Depresiune localizată și opacă a feței posterioare a cristalinului (în
               ombilicație), Poziție anormală a cristalinului (în ectopie)"
Afectiuni congenitale ale sclerei,"Modificări de volum ale globului ocular, Cresterea diametrului anteroposterior al globului ocular (în Buftalmie), Cresterea diametrului corneei (în Buftalmie), Hipertensiune oculară (în Buftalmie), Sclera subtiată, Nuanta albastruie a sclerei, Predispoziție la rupturi sclerale la traumatisme minore, Placarde sclerale maronii, neregulate, situate preecuatorial (în
               Melanosis oculi), Pigmentare cutanată în teritoriul nervului trigemen (în Nevul Ota), Pigmentarea conjunctivei, sclerei, coroidei, irisului (în Nevul Ota), Puncte, pete sau plaje pe scleră în nuante de albastru, gri până la
               negru (în Nevul Ota), Miopie (asociată în unele sindroame), Embriotoxon (asociat în Maladia Lobstein), Cataractă congenitală (asociată în unele sindroame), Fragilitate osoasă severă (în Maladia Lobstein), Fracturi cvasispontane ale oaselor lungi (în Maladia Lobstein), Surditate (în Maladia Lobstein), Anomalii dentare (în Maladia Lobstein), Hiperlaxitate ligamentară (în Maladia Lobstein), Cifoscolioză (în Maladia Lobstein, Sindrom Ehlers-Danlos), Megalocornee (în Sindromul Marfan), Sferofachie (în Sindromul Marfan), Colobom irian (în Sindromul Marfan), Extremități lungi (în Sindromul Marfan), Musculatură atrofiata (în Sindromul Marfan), Hiperextensibilitate cutanată (cutis laxa) (în Sindrom Ehlers-Danlos), Escare, echimoze (în Sindrom Ehlers-Danlos), Afectare articulară, dislocații (în Sindrom Ehlers-Danlos), Striuri angioide retiniene (în Sindrom Ehlers-Danlos), Multiple malformații scheletice (în Hipofosfatezemia), Edentație totală precoce (în Hipofosfatezemia), Nefrocalcinoză (în Hipofosfatezemia)"
Afectiuni congenitale ale uveei,"Fotofobie (în aniridie, colobom irian, albinism), Scăderea acuității vizuale (în aniridie, albinism), Depigmentarea părului, tegumentelor și structurilor oculare (în
               albinism), Decolorare a irisului și a fundului de ochi (în albinism), Vizualizarea vaselor coroidiene (în albinism), Alterări ale simțului cromatic (în forme grave de albinism), Nistagmus (în forme grave de albinism, asociat cu colobom coroidian), Torticolis (în forme grave de albinism), Îngustări ale câmpului vizual (în forme grave de albinism), Aspect de ""gaură de cheie"" al pupilei (în colobom irian), Aspect perforat al irisului (în pseudopolicorie), Pigmentare inegală a irisului (în heterocromie iriană), Inegalitatea diametrelor celor două pupile (în anizocorie congenitală), Nuanta alb cenușie a fundului de ochi (în coroideremie)"
Afectiuni cutanate si de mucoasa asociate cu bolile gastro-intestinale si hepatice,"Xerostomie (gura uscata), Cheratoconjunctivita sicca (ochi uscati), Artrita (in context de sindrom Sjogren), Ingreunarea masticatiei, Odinofagie, Diminuarea gustului si mirosului, Mucoasa orala eritematoasa, Carii dentare crescute, Candidoza orala, Litiaza salivara, Durere linguala (glosodinie), Senzatie de arsura linguala (glosopirozis), Eritem discontinuu lingual, Eroziuni linguale, Glosita atrofica, Glosita romboidala mediana, Hipogeuzie (diminuarea simtului gustativ), Disgeuzie (modificarea gustului normal, inclusiv gust metalic), Limba in harta geografica (glosita migratorie benigna), Cheilita exfoliativa, Mucozita geografica, Limba paroasa (coloratie galbena, verde, maro sau neagra), Zone albicioase sau rosii pe mucoasa bucala (candidoza), Leziuni albicioase pe marginea laterala a limbii (leucoplakie), Macule ovalare rosiatice cutanate (sarcom Kaposi), Papule, placi, noduri cutanate (sarcom Kaposi), Macule rosii sau noduli orali (sarcom Kaposi), Nevii cutanati, proli sau genitali (asociat HIV), Afte recurente, Infectii mucocutanate cronice cu HSV (asociat HIV), Infiltrate limfocitare ale glandelor salivare (asociat HIV, sdr
               Sjogren), Afectiuni periodontale (asociat HIV), Gingivita necrotizanta ulcerativa acuta (asociat HIV), Ulcere aftoase (minore, majore, herpetiforme), Vezicule dureroase (HSV, epidermoliza buloasa, porfiria cutanea tarda,
               dermatita herpetiforma), Ulcere (HSV, CMV, pemfigus, boala Chron metastatica, pioderma
               gangrenosum, lichen plan), Retinita (CMV), Bule (pemfigus, porfiria cutanea tarda, dermatita herpetiforma), Eroziuni dureroase de mucoasa (pemfigus paraneoplazic), Eruptie cutanata (pemfigus paraneoplazic), Placi albicioase, friabile, eritematoase esofagiene (SJS/TEN), Regiuni eritematoase friabile colonice (SJS/TEN), Papule violacee, pruriginoase cutanate (lichen plan), Zone albicioase orale (reticulare, punctiforme - lichen plan), Disfagie (lichen plan esofagian), Inflamatie granulomatoasa perianala/perifistulara (boala Chron), Ulceratii, placi, noduli cutanati (boala Chron metastatica), Fisuri la nivelul buzelor (boala Chron), Cheilita (boala Chron), Eritem perioral (boala Chron), Pustule, eroziuni, vegetatii (piostomatita/pioderma vegetans), Noduli subcutanati (eritem nodos, poliarterita nodoasa), Purpura (vasculita, Henoch-Schonlein, amiloidoza, hepatita C, porfiria
               eritropoietica), Edem al peretelui intestinal (vasculita), Papule roz (boala Degos), Cicatrici cutanate cu centru alb (boala Degos), Telangiectazii (telangiectazie ereditara, sclerodermie/CREST,
               mastocitoza, boli hepatice), Malformatii arterio-venoase (telangiectazie ereditara), Anevrism (telangiectazie ereditara), Epistaxis (telangiectazie ereditara), Calcinoza cutanata (sclerodermie/CREST), Fenomen Raynaud (sclerodermie/CREST), Disfunctie esofagiana (sclerodermie/CREST), Sclerodactilie (sclerodermie/CREST), Papule periorbitale/faciale (amiloidoza), Macroglosie (amiloidoza), Papule galben-portocalii (pseudoxantoma elasticum), Pete café au lait (neurofibromatoza 1), Papule moi cutanate, neurofibrom plexiform (neurofibromatoza 1), Pistrui axilari/inghinali (neurofibromatoza 1), Placi rosii-brune (mastocitoame - copii), Papule multiple rosii-maronii (mastocitoza), Flush cutanat (mastocitoza, tumori carcinoide), Urticarie pigmentosa (mastocitoza - adulti), Dispepsie (mastocitoza), Diaree (mastocitoza, glucagonom, sdr Cronkhite-Canada, hipertricozis
               lanuginosa), Durere abdominala (mastocitoza, sdr Cronkhite-Canada), Eroziuni cutanate (porfiria cutanea tarda), Splenomegalie (porfiria eritropoietica), Placi edematoase cutanate (porfiria eritropoietica), Chiste epidermoide (sdr Gardner), Osteoame mandibulare (sdr Gardner), Dinti supranumerari neerupti (sdr Gardner), Neoplasme cutanate sebacee (sdr Muir-Torre), Keratocantoame (sdr Muir-Torre), Carcinom scuamos cutanat (sdr Muir-Torre), Polipi intestinali (sdr Muir-Torre, sdr Cowden, sdr Cronkhite-Canada), Hiperpigmentare mucocutanata (macule maronii - sdr Peutz-Jeghers, sdr
               Cronkhite-Canada), Veruci cutanate (sdr Cowden), Papilomatoza orala (sdr Cowden), Gusa, adenom tiroidian (sdr Cowden), Boala fibrochistica mamara (sdr Cowden), Alopecie (sdr Cronkhite-Canada), Malabsorbtie (mastocitoza, sdr Cronkhite-Canada), Malnutritie (sdr Cronkhite-Canada), Distrofie ungheala (subtiere, despicare, onicoliza - sdr
               Cronkhite-Canada), Scadere ponderala (sdr Cronkhite-Canada, glucagonom, hipertricozis
               lanuginosa), Coloratie violacee a sprancenelor cu edem (dermatomiozita), Papule keratozice pe degete (dermatomiozita), Eritem difuz accentuat la genunchi/coate (semnul Gottron -
               dermatomiozita), Hiperkeratoza difuza palmara si plantara, Achantosis nigricans (hiperpigmentare si hiperplazie cutanata
               axiala/gat), Hipertricozis lanuginosa (par fin, decolorat pe fata, trunchi, membre), Hipertrofia papilelor linguale (hipertricozis lanuginosa), Afectarea gustului si mirosului (hipertricozis lanuginosa), Sclerodermie (asociata hipertricozis lanuginosa), Keratoza seboreica (asociata hipertricozis lanuginosa), Adenopatii (hipertricozis lanuginosa), Eritem cutanat (glucagonom - periorificial, pliuri, degete), Leziuni papulo-veziculare cu eroziuni secundare, cruste, fisuri
               (glucagonom), Anemie (glucagonom, porfiria eritropoietica), Tulburari psihiatrice (glucagonom), Hipoaminoacidemie (glucagonom), Diabet zaharat (glucagonom), Nodul ombilical (Nodulul Sister Mary Joseph - metastaza), Icter (boli hepatice), Eritem palmar (boli hepatice), Stelute vasculare (boli hepatice), Cap de meduza (circulatie colaterala - boli hepatice), Coloratie bronz-maronie a pielii (hemocromatoza), Xantoame (ciroza biliara primara), Prurit (boli hepatice colestatice/inflamatorii/maligne, dermatita
               herpetiforma), Reactii cutanate la administrarea de vitamina K (eritem, induratie,
               prurit), Urticarie (hepatita B, Strongyloides), Boala serului (hepatita B), Vasculita leucocitoclastica (hepatita C), Crioglobulinemie (hepatita C), Petesii (hepatita C), Fragilitate cutanata (porfiria cutanea tarda), Hipertricoza (porfiria cutanea tarda), Hiperpigmentare cutanata (porfiria cutanea tarda), Papule lineare pruriginoase migratorii (larva migrans cutanata), Leziuni lineare eritematoase migratorii (larva currens), Eruptii urticariene, veziculare, buloase pruriginoase (dermatita
               herpetiforma), Excoriatii cutanate (dermatita herpetiforma)"
Afectiuni neuromusculare in sarcina,"Simptome asociate sindromului de canal carpian (durere, amorțeală,
               furnicături la mână/încheietură), Simptome de radiculopatie lombară (deficit neurologic, tulburare
               sfincteriană în sindromul de coadă de cal), Senzație de amorțeală și furnicături pe fața laterală a coapsei
               (Meralgie parestetică), Senzație de amorțeală pe fața anterioară a coapsei, limitarea extensiei
               genunchiului (slăbiciunea cvadricepsului), tulburare de mers, durere moderată
               (Neuropatie femurală), Durere pe fața medială a coapsei, scăderea forței musculare la nivelul
               mușchilor adductori (Neuropatie obturator), Pareza facială periferică (Paralizia Bell), Simptome de poliradiculonevrită acută (Sindrom Guillain-Barre), Agravarea simptomelor de slăbiciune/amorțeală (în CIDP, MMN), Evoluție variabilă a simptomelor de Miastenia Gravis
               (agravare/ameliorare/stabil), insuficiență respiratorie, criză colinergică, Slăbiciune musculară (Miozită), Hipotonie generalizată, plânset slab, insuficiență respiratorie,
               dificultăți în alimentare (Miastenie neonatală - fetal), Contracturi articulare multiple (Artrogripoză congenitală - fetal), Slăbiciune musculară importantă, hipotonie, probleme respiratorii
               (Atrofie musculară spinală)"
Afectiuni renale congenitale,"Acumularea urinei (în caz de obstrucție), Presiune crescută asupra rinichilor (în caz de obstrucție), Infecții ale tractului urinar"
Afectiunile congenitale ale pleoapelor,"Absența pleoapelor (Ablefarie), Înlocuirea pleoapelor cu un țesut membranos (Ablefarie), Pleoape de dimensiuni mai mici (Microblefarie), Imposibilitatea închiderii fantei palpebrale (Lagoftalmie) - în
               Microblefarie, Colobom, Ochi uscat (în Microblefarie), Keratoconjunctivită de expunere (în Microblefarie), Aspect inestetic (în Microblefarie), Lipsă de substanță de formă triunghiulară în pleoapă (Colobom palpebral), Lipsa fantei palpebrale (Criptoftalmia), Acoperirea polului anterior al ochiului de țesut fuzionat
               (Criptoftalmia), Lărgire exagerată a deschiderii fantei palpebrale (Euriblefaron), Vizualizarea fundului de sac conjunctival (Euriblefaron), Imposibilitatea deschiderii complete a fantei palpebrale
               (Blefarofimoză), Unghiuri palpebrale părând sudate (Blefarofimoză), Pliu musculocutanat vertical care acoperă unghiul intern (Epicantus), Micșorarea câmpului vizual (în Epicantus întins, Blefarochalazis), Pliu cutanat orizontal paralel cu marginea liberă a pleoapei
               (Epiblefaron), Exces de piele la nivelul pleoapelor (Blefarochalazis), Oblicitate inversă a deschiderii fantei palpebrale (Aspect
               antimongoloid), Absența cililor (Hipotricoza), Prezența unor peri subțiri și rari în locul cililor (Hipotricoza), Cili groși, lungi și numeroși (Hipertricoza), Cili dispuși în două sau trei rânduri (Hipertricoza), Cili cu aspect de șirag de mărgele (Cili moniliformi), Prezența cililor în alte locuri decât cel normal pe pleoape (Ectopia
               cililor), Cili care ies pe fața conjunctivală a pleoapei (Cilii încarnați), Îngroșarea și uscarea excesivă a tegumentelor pleoapelor (Ichtioza), Aspect solzos al pielii pleoapelor (Ichtioza), Congestie tegumentară asociată (Eritrodermoichtioza), Formațiune pseudotumorală mică, elastică, mobilă, bine delimitată, spre
               unghiul palpebral extern (Chist dermoid), Ptoză congenitală (căderea pleoapei superioare), Retracție congenitală a pleoapei superioare, Răsfrângerea congenitală a pleoapei inferioare spre globul ocular
               (Entropion congenital), Răsfrângerea în afară a marginii pleoapei (Ectropion congenital), Imposibilitatea deschiderii fantei palpebrale din cauza solidarizării
               marginilor pleoapelor printr-o membrană (Ankiloblefaron)"
Afectiunile ereditare ale ficatului,"Stagnare ponderală, Icter prelungit / Icter discret / Icter moderat / Icter fluctuant, Vărsături, Diaree / Diaree cronică, Manifestări hemoragice / Sindrom hemoragic / Epistaxis / Hematoame, Hepatomegalie (ficat mărit), Hipotonie musculară, Hiporeactivitate, Afectare renală / Rinichi crescuți în volum / Tubulopatie, Întârziere psihică / Tulburări neuropsihice / Regres psihic / Demență /
               Dificultăți în dezvoltare / Dereglări de comportament, Cataractă, Anorexie, Crize de apnee, Tulburări ale stării de conștiență, Convulsii, Hepatosplenomegalie (ficat și splină mărite), Ascită, Edeme / Edeme limfatice (membre inferioare), Semne de malnutriție severă / Inaniție / Distrofie, Hiperpnee acidotică, Detresă respiratorie, Întârziere staturoponderală / Nanism / Retard statural, Obezitate facială și tronculară, Musculatură redusă, Tulburări de statică și mers, Pubertate întârziată, Transpirații (în hipoglicemie), Infecții recurente (respiratorii, urinare, digestive, ORL), Afectare cardiacă (cardiomegalie, insuficiență mitrală/aortică, boală
               mitrală), Afectare musculară / Mialgii recurente / Pareze musculare / Slabiciune
               musculară, Fatigabilitate / Astenie, Stare generală alterată, Sindrom dismorfic (specific MPS/Mucolipidozelor/Oligozaharidozelor, ex:
               facial, cifoză, proiectare anterioară stern, hirsutism), Opacități corneene, Afectare neurodegenerativă cerebrală, Rahitism vitamino-D rezistent, Tulburări neurologice (Boala Wilson: Parkinsonism, kinetice, atetoză,
               cerebeloase, nistagmus; Gaucher tip 2/3: leziuni nervoase, hipomimie, strabism,
               opistotonus, paralizii nervi cranieni, stridor, spasme laringiene, facies inexpresiv,
               trismus, nistagmus, hipertonie extrapiramidală, tremor, diskinezii, sindrom
               cerebelos; Porfirii: neuropatie, polineuropatie motorie), Inel Kayser-Fleischer (Boala Wilson), Manifestări dispeptice nespecifice, Dureri vagi în hipocondrul drept, Grețuri, Somnolență, Prurit (în colestază), Urine hipercrome (în colestază), Scaune acolice (în colestază), Ataxie cerebeloasă (în Colestaza Byler), Exoftalmie (în Colestaza Byler), Sindrom de malabsorbție (anemie, distrofie, rahitism, fenomene
               hemoragice), Dureri abdominale (în porfirii), Ileus / Dilatare abdominală / Zgomote intestinale reduse (în PAI), Constipație (în PAI), Tahicardie (în PAI), Hipertensiune (în PAI), Tulburări psihice (maniacale, depresive, paranoide) (în PAI, Wilson), Dureri ale membrelor (în PAI), Disurie / Retenție urinară (în PAI), Fotosensibilitate cutanată (în PCT, HCP, VP), Hipertricoză / Hiperpigmentare (în PCT), Angiocolită (în Fibroza hepatică congenitală), Chisturi hepatice / Chisturi renale (în Boala polichistică), Splenomegalie, Afectare osteoarticulară (Boala Gaucher tip 1), Poliadenopatie (Boala Gaucher tip 2), Dificultăți de deglutiție (Boala Gaucher tip 2), Hipoacuzie (Boala Maroteaux-Lamy), Hipoglicemie, Hipokaliemie, Accese de porfirie acuta intermitenta (în Tirozinemie cronică), Episoade hipertensive (în Tirozinemie cronică), Hernie inghinală / Hernie ombilicală (în MPS VII)"
Aftele bucale (Ulcerele bucale),"Ulcere superficiale sau profunde pe mucoasa cavității bucale, Localizare pe zone mobile: limbă, față internă a buzelor și obrajilor,
               baza gingiilor, Debut ca o umflătură mică roșie și sensibilă, Senzație de arsură prodromală (1-2 zile înainte de apariția ulcerului), Ulcere acoperite cu membrană galbenă sau albă, Margine înconjurată de un halou roșu (eritematos), Durere sau disconfort semnificativ, Febra este rară, Ulcere aftoase minore: 2-4 mm diametru, rotunde/ovale, bază galbenă apoi
               gri, 1-6 leziuni, vindecare 1-7 zile, Ulcere aftoase majore: >1 cm diametru, rotunde/ovale, mai dureroase,
               edem marginal, 1-6 leziuni, vindecare 10-40 zile, Ulcere herpetiforme: vezicule inițiale -> ulcere punctate multiple,
               discrete, coalescente, foarte dureroase, vindecare >10 zile, Semne de deshidratare (în cazuri severe): scădere în greutate,
               tahicardie, hipotensiune, extremități reci, umplere capilară întârziată, membrane
               mucoase uscate, turgor cutanat scăzut"
Agenezia renala,"Lipsa unuia sau a ambilor rinichi, Oligohidramnios (în cazul ageneziei bilaterale, detectabil ecografic în
               viața intrauterină), Formele unilaterale sunt adesea asimptomatice"
Agnozia,"Incapacitatea de a recunoaște un obiect cu ajutorul unuia sau mai multor
               simțuri, Deficit sau pierdere a identificării perceptive (vizuale, auditive,
               tactile, gustative) în absența unei patologii senzoriale primare (cecitate,
               surditate, anestezie), Agnozia auditivă: incapacitatea de a recunoaște un obiect prin sunete
               (ex: telefon), nerecunoașterea muzicii (amuzie), nerecunoașterea zgomotelor cotidiene
               familiare, Agnozia olfactivă: imposibilitatea de a recunoaște un obiect după miros
               (ex: portocală), Agnozia tactilă: incapacitatea identificării unui obiect prin pipăit
               (ex: nu poate denumi un pix sau o monedă plasată în palmă), Agnozia gustativă: imposibilitatea recunoașterii unui obiect prin gust, Agnozia vizuală: inabilitatea de a recunoaște un obiect prin văz, Agnozia obiectelor (aperceptivă): nu recunoaște culorile, imaginile sau
               obiectele, nu le poate denumi, incapabil să precizeze proprietăți sau funcții, Agnozia obiectelor (asociativă): nu recunoaște obiectul, dar îl poate
               descrie, Prosopagnozia (agnozia fețelor): inabilitatea recunoașterii figurilor
               familiare (membri ai familiei, prieteni), Agnozia culorilor, Agnozia limbajului scris: nu înțelege limbajul scris și nu îl poate
               (re)produce, Agnozia mediului înconjurător: nerecunoașterea locurilor familiare, Anosognozia: absența conștientizării unei probleme de ordin
               comportamental, motor sau cognitiv; negarea existenței unui deficit (chiar
               paralizie); negarea apartenenței segmentului paralizat, Sindrom de neglijență hemicorporală: nerecunoașterea unei jumătăți din
               corp ca aparținându-i; neglijarea completă a jumătății de corp afectate (igienă,
               îngrijire), Sindrom de neglijență hemispațială: ignorarea semnalelor și detaliilor
               din partea jumătății de corp/spațiu afectate"
Agorafobia,"Frica de a ramane singur, Frica de a fi si de a-si pierde controlul intr-un spatiu public, Frica de a se afla intr-un spatiu din care iesirea este dificila (ex:
               lift), Atasament fata de camin (pot sta in casa chiar si ani de zile), Dependenta de membrii familiei, Sentimente de neputinta, Senzatie de corp imaterial, Impresia de neverosimil fata de mediul inconjurator, Simptome psihologice sau vegetative ca manifestari primare ale
               anxietatii, Anxietate care apare mai ales in cel putin doua dintre situatiile:
               multimi, locuri publice, calatorie solitara si plimbare inafara casei, Evitarea situatiei fobice, Transpiratie abundenta (în cazul atacului de panică asociat), Ameteala (în cazul atacului de panică asociat), Dispnee (dificultate in respiratie) (în cazul atacului de panică
               asociat), Eritroza (inrosirea tegumentului fetei) (în cazul atacului de panică
               asociat), Senzatie de lesin (în cazul atacului de panică asociat), Durere acuta toracica (în cazul atacului de panică asociat), Dificultate la inghitit (în cazul atacului de panică asociat), Cresterea frecventei cardiace (în cazul atacului de panică asociat), Greata/disconfort abdominal (în cazul atacului de panică asociat), Confuzie (în cazul atacului de panică asociat), Amorteala (în cazul atacului de panică asociat), Frica de a nu innebuni/moarte (în cazul atacului de panică asociat)"
Bolile stomacului operat,"Durere (specifică ulcerului peptic postoperator), Diaree (specifică ulcerului peptic postoperator, sindromului dumping
               precoce, diareei postvagotomice), Anemie (consecutivă hemoragiilor oculte sau tulburărilor de absorbție în
               ulcerul peptic postoperator, cancerului de bont, anemiilor cronice post-gastrectomie), Lienterie (rar, în ulcer peptic postoperator), Scădere considerabilă în greutate (rar în ulcer peptic postoperator,
               specifică cancerului de bont, maldigestiei/malabsorbției), Sindromul insuficienței evacuatorii (rar, în complicația cu stenoză a
               ulcerului peptic postoperator), Borborisme (în sindromul dumping precoce), Crampe abdominale (în sindromul dumping precoce), Greață (în sindromul dumping precoce), Vărsături (în sindromul dumping precoce), Transpirații (în sindromul dumping precoce), Eritem cutanat (în sindromul dumping precoce), Tahicardie (în sindromul dumping precoce), Palpitații (în sindromul dumping precoce), Cefalee (în sindromul dumping tardiv), Vertij (în sindromul dumping tardiv), Tremur (în sindromul dumping tardiv), Puseu diareic imperios și abundent la 1-2 ore postalimentar (în diareea
               postvagotomică), Plenitudine postprandială (în cancerul de bont), Durere în hipocondrul drept amplificată de alimentație (în sindromul de
               ansa aferentă), Vărsături fulminante biloase ce ameliorează durerea (în sindromul de
               ansa aferentă), Demineralizare osoasă, Osteomalacie"
Agranulocitoza medicamentoasă,"febră, frisoane, apatie, astenie cu instalare bruscă sau progresivă, rinita, faringita, amigdalita acută, sinuzita, pneumonia, supurațiile ano-rectale, Neutropenie (PMN-uri sub 500 elemente/ mm3)"
Albinism,"pierdere generalizata sau partiala a pigmentului din piele, disfunctia melanocitelor din piele, ochi si/sau ureche, infectii respiratorii recurente (în sindromul Chediak-Higashi), diateza hemoragica (în sindroamele Chediak-Higashi, Hermansky-Pudlak), echimoze (în sindromul Hermansky-Pudlak), epistaxis (în sindromul Hermansky-Pudlak), singerare gingivala (în sindromul Hermansky-Pudlak), singerare prelungita in menstruatie (în sindromul Hermansky-Pudlak), singerare prelungita dupa extragerea dentara (în sindromul
               Hermansky-Pudlak), singerare prelungita postpartum (în sindromul Hermansky-Pudlak), colita hemoragica (în sindromul Hermansky-Pudlak), imunodeficienta (în sindromul Griscelli), defecte neurologice (în sindromul Griscelli), absenta completa a pigmentului din piele, par si ochi (în albinismul
               oculocutanat tip 1), pigmentare moderata (în albinismul oculocutanat tip 1B), fotofobie, reducerea acuitatii vizuale, nistagmus, rest pigmentar moderat in piele, par si ochi (în albinismul
               oculocutanat tip 2), pistrui (pot aparea cu vârsta în albinismul oculocutanat tip 2), lentigo (pot aparea cu vârsta în albinismul oculocutanat tip 2), nevi (pot aparea cu vârsta în albinismul oculocutanat tip 2), reducere minima a pigmentului din piele, par si ochi (în albinismul
               oculocutanat tip 3), depigmentare oculara (în albinismul ocular), transparenta irisului (în albinismul ocular), nistagmus motor congenital (în albinismul ocular), erori de refractive (în albinismul ocular), hipopigmentare fundica (în albinismul ocular), lipsa reflexului foveal (în albinismul ocular), strabism (în albinismul ocular), depigmentare variabila a pielii, parului si ochilor (în sindromul
               Hermansky-Pudlak), piele palida (în sindromul Griscelli)"
Alcaloza hipocloremica,"Polihidraminos sever (prenatal), Nastere prematura, Lipsa meconiului, Icter neonatal prelungit, Hipotonie (neonatal), Letargie, Varsaturi repetate, Constipatia, Gust sarat la sarutat (in fibroza chistica), Confuzie, Convulsii, Slabiciune neuromusculara, Crampe musculare, Distensie abdominala, Piele uscata, Apatie, Internari frecvente in spital, Mic pentru varsta, Perfuzie periferica slaba, Plicaturarea pielii, Greutate sub normal, Inaltime sub normal, Dezorientare, Somnolenta, Stupor, Abdomen scafoid (in sindrom Bartter), Abdomen distensionat (in diaree congenitala), Unde peristaltice vizibile (in diaree congenitala), Zgomote hidroaerice intestinale, Scaune tari (in sindrom Bartter), Hepatomegalie, Emanciere musculara, Atrofie musculara, Hipotonie musculara, Respiratie superficiala, Hipopnee, Anorexie, Poliurie, Malnutritie, Lipsa cresterii, Deshidratare cronica, Disfunctie cerebrala, Functie cognitiva defectiva, Hipopotasemie, Hipocloremie"
Alcaloza metabolică,"Hipocalcemie (datorită scăderii concentrației ionilor de calciu), Tetanie, Semnul Chvostek, Convulsii (în alcaloza severă), Mioclonii (în alcaloza severă), Pareze și paralizii (în alcaloza severă), Tulburări de ritm cardiac (în alcaloza severă), Hipotensiune arterială (în alcaloza severă), Hipoventilație compensatorie"
Alcaloza respiratorie,"Modificări ischemice (la pacienții cu istoric coronarian), Aritmii cardiace (mai puțin responsive la tratament), Fenomene de angină pectorală (la pacienții cu istoric coronarian), Scădere a debitului cardiac (la pacienții ventilați mecanic), Vasoconstricție periferică, Scădere a debitului cerebral, Amețeală, Confuzie, Fotosensibilitate, Alterarea stării de conștiență, Convulsii, Sincopă, Hipocalcemie, Parestezii ale extremităților, buzelor, limbii, Tresăriri musculare, Spasm laringian, Semnul Chvostek pozitiv, Semn Trousseau pozitiv, Anxietate, Tahicardie, Tahipnee, Hipo- sau hipertensiune, Respirație de tip Kussmaul (uneori), Raluri pulmonare (semn al afecțiunii de bază), Wheezing (semn al afecțiunii de bază)"
Alcoolismul,"Probleme grave in viata personala atribuite consumului de alcool, Deficienta in absorbtia vitaminelor (B1, B6, folati, acid nicotinic,
               vitamina A), Dezechilibre hidroelectrolitice (scaderi ale potasiului, calciului,
               magneziului, zincului, fosforului), Paralizii ale muschilor respiratori (din hipopotasemie), Diminuarea reflexelor (din hipopotasemie), Tulburari de ritm cardiac (din hipopotasemie, hipocalcemie,
               hipomagneziemie), Crize de tetanie (spasme musculare) (din hipocalcemie), Slabiciune musculara (din hipocalcemie, hipofosfatemie), Aritmii (din hipocalcemie), Incetosarea vederii (din hipomagneziemie), Fatigabilitate (din hipomagneziemie), Oboseala musculara (din hipomagneziemie), Insuficienta miocardica (din hipofosfatemie), Slabiciune in muschii membrelor si respiratori (din hipofosfatemie), Tulburari de coagulare (din hipofosfatemie), Disfunctii leucocitare (din hipofosfatemie), Cetoacidoza alcoolica, Varsaturi recurente (in cetoacidoza), Durere abdominala (in cetoacidoza), Pancreatita (frecvent asociată cu cetoacidoza), Niveluri scazute ale glucozei serice (uneori sub 50 mg%), Hiperglicemie usoara (rareori peste 300 mg%), Neputinta indeplinirii obligatiilor la locul de munca, scoala sau acasa, Consum excesiv in preajma unor evenimente (abuz), Dependenta (consum excesiv, de lunga durata, zilnic), Modificarea tolerantei la alcool (necesitatea unei cantitati mai mari), Sindrom de abstinenta (la suprimarea alcoolului pentru cateva ore):
               transpiratii, tremur, puls rapid, insomnie, greata, varsaturi, halucinatii,
               anxietate, agitatie, convulsii, Consum matinal de alcool pentru a evita sindromul de abstinenta, Agitatie, anxietate, violenta (la suprimare >24-48h), Halucinatii vizuale si auditive (la suprimare >24-48h), Alimentatie dezechilibrata, Dificultati in mentinerea echilibrului, Dificultati in mers, Tulburari de memorie, Hipertensiune arteriala (consum cronic), Slabiciune musculara, Tulburari de ritm cardiac, Anemii, Tulburari de coagulare, Scaderea imunitatii la infectii, Inflamatii gastrointestinale, Iritatii gastrice, Hipoglicemia, Hipertrigliceridemia, Scaderea fertilitatii, Dificultate in exprimare (efect acut), Lipsa de coordonare a miscarilor fine (efect acut), Scaderea acuitatii vederii periferice (efect acut), Reducerea frecventelor respiratorii (efect acut, doze mari), Reducerea ritmului cardiac (efect acut, doze mari), Voma (efect acut), Tulburari ale ritmului somn-veghe (insomnii noaptea, somnolenta ziua), Amorteala si furnicaturi la nivelul membrelor, Sindrom Wernicke (tulburari echilibru, nistagmus, dificultate in mers), Sindrom Korsakoff (tulburari grave de memorie, incapacitate de a
               invata), Degenerescenta cerebeloasa (mers nesigur, nistagmus), Deprimare intensa (cu durata de zile/saptamani), Tulburare psihotica indusa de alcool (halucinatii auditive, idei
               delirante paranoide), Anxietate puternica (poate persista luni in abstinenta), Inflamatii esofagiene, Gastrita, Atrofia celulelor gastrice, Hemoragii viloase intestinale, Scaderea absorbtiei apei si electrolitilor, Intestin spastic, Cresterea volumului eritrocitar mediu, Scaderea productiei de leucocite, Scaderea mobilitatii si aderentei granulocitare, Micsorarea raspunsului hipersensibilitatii intarziate, Trombocitopenie usoara, Scaderea agregarii plachetare, Scaderea contractilitatii miocardice, Vasodilatatie periferica cu senzatie de incalzire a extremitatilor, Cresterea necesarului miocardic de oxigen, Tahicardie paroxistica, Amenoree (la femei), Scaderea in volum a ovarelor (la femei), Absenta corpului luteal (la femei), Miopatie alcoolica (dureri musculare)"
Alcoorexia,"Evitarea meselor normale, în special cina, pentru a compensa caloriile
               prin consumul de alcool, Consum de alcool până la ore târzii, Confuzie (după consum mare de alcool), Schimbări în comportament (după consum mare de alcool), Transpirație abundentă (după consum mare de alcool), Pierdere rapidă în greutate corporală, Interes excesiv pentru numărul caloriilor consumate (citirea
               ambalajelor, cântărirea porțiilor), Cheltuirea unor sume mari de bani inexplicabil (pentru alcool), Vărsături frecvente (din cauza consumului mare de alcool), Respirație neregulată, Dificultăți de concentrare, Dificultăți în luarea deciziilor, Tulburări emoționale (ex. depresie), Dorința obsesivă de a slăbi sau de a preveni îngrășarea"
Alektorofobia,"palpitații, transpirații excesive, tremur, anxietate severă, greață, senzație de sufocare, senzație de pierdere a controlului"
Alergia la ambrozie,"rinoree apoasă, strănut, prurit oculonazal, secreții oculare, exacerbări astmatice (tuse, wheezing, senzație de constricție toracică), reacții încrucișate: senzație de prurit în cavitatea orală (limbă,
               faringe) la consumul de pepene galben, roșii, kiwi, banane, ceai de tei sau miere, urticarie (papule intens pruriginoase cu caracter migrator, eritem)"
Alergia la animale,"nas: atacuri de strănut, nas: rinoree abundentă apoasă, nas: nas înfundat, nas: respirație dificilă, ochi: prurit, ochi: eritem, ochi: lăcrimare excesivă, ochi: edem, căi respiratorii: tuse, căi respiratorii: flegmă, căi respiratorii: dispnee, căi respiratorii: astm, piele: prurit, piele: eczemă, piele: neurodermită, piele: urticarie, gastrointestinal: flatulență, gastrointestinal: greață, gastrointestinal: diaree, gastrointestinal: vărsături, gastrointestinal: durere abdominală, extremitate cefalică: migrenă"
